{
	"credit": "Made with Blockbench",
	"ambientocclusion": false,
	"texture_size": [128, 128],
	"textures": {
		"1": "elitemobs:items/corruptedgoldcrossbow"
	},
	"elements": [
		{
			"from": [7.25, 12.75, -12.25],
			"to": [8.75, 14.25, 3.25],
			"rotation": {"angle": 0, "axis": "y", "origin": [1, 1, 1]},
			"faces": {
				"north": {"uv": [8.375, 8.375, 8.5, 8.5], "texture": "#1"},
				"east": {"uv": [6.5, 8.375, 8.375, 8.5], "texture": "#1"},
				"south": {"uv": [10.375, 8.375, 10.5, 8.5], "texture": "#1"},
				"west": {"uv": [8.5, 8.375, 10.375, 8.5], "texture": "#1"},
				"up": {"uv": [8.5, 8.375, 8.375, 6.5], "texture": "#1"},
				"down": {"uv": [8.625, 6.5, 8.5, 8.375], "texture": "#1"}
			}
		},
		{
			"from": [8, 11, -14],
			"to": [8, 16, 5],
			"rotation": {"angle": 0, "axis": "y", "origin": [1, 1, 1]},
			"faces": {
				"north": {"uv": [3, 7.875, 3, 8.5], "texture": "#1"},
				"east": {"uv": [0.625, 7.875, 3, 8.5], "texture": "#1"},
				"south": {"uv": [5.375, 7.875, 5.375, 8.5], "texture": "#1"},
				"west": {"uv": [3, 7.875, 5.375, 8.5], "texture": "#1"},
				"up": {"uv": [3, 7.875, 3, 5.5], "texture": "#1"},
				"down": {"uv": [3, 5.5, 3, 7.875], "texture": "#1"}
			}
		},
		{
			"from": [6, 10, -1],
			"to": [10, 13, 11],
			"rotation": {"angle": 0, "axis": "y", "origin": [8, 10.02513, 6.34619]},
			"faces": {
				"north": {"uv": [1.5, 6.25, 2, 6.625], "texture": "#1"},
				"east": {"uv": [0, 6.25, 1.5, 6.625], "texture": "#1"},
				"south": {"uv": [3.5, 6.25, 4, 6.625], "texture": "#1"},
				"west": {"uv": [2, 6.25, 3.5, 6.625], "texture": "#1"},
				"up": {"uv": [2, 6.25, 1.5, 4.75], "texture": "#1"},
				"down": {"uv": [2.5, 4.75, 2, 6.25], "texture": "#1"}
			}
		},
		{
			"from": [4, 10.5, -1.5],
			"to": [7, 14.5, 1.5],
			"rotation": {"angle": 0, "axis": "y", "origin": [8, 10.02513, 6.34619]},
			"faces": {
				"north": {"uv": [0.375, 7.125, 0.75, 7.625], "texture": "#1"},
				"east": {"uv": [0, 7.125, 0.375, 7.625], "texture": "#1"},
				"south": {"uv": [1.125, 7.125, 1.5, 7.625], "texture": "#1"},
				"west": {"uv": [0.75, 7.125, 1.125, 7.625], "texture": "#1"},
				"up": {"uv": [0.75, 7.125, 0.375, 6.75], "texture": "#1"},
				"down": {"uv": [1.125, 6.75, 0.75, 7.125], "texture": "#1"}
			}
		},
		{
			"from": [1.67597, 11.25, -1.51065],
			"to": [8.17597, 13.75, -0.01065],
			"rotation": {"angle": 22.5, "axis": "y", "origin": [8, 10.02513, 6.34619]},
			"faces": {
				"north": {"uv": [7.375, 2.75, 8.125, 3], "texture": "#1"},
				"east": {"uv": [7.25, 2.75, 7.375, 3], "texture": "#1"},
				"south": {"uv": [8.25, 2.75, 9, 3], "texture": "#1"},
				"west": {"uv": [8.125, 2.75, 8.25, 3], "texture": "#1"},
				"up": {"uv": [8.125, 2.75, 7.375, 2.625], "texture": "#1"},
				"down": {"uv": [8.875, 2.625, 8.125, 2.75], "texture": "#1"}
			}
		},
		{
			"from": [1.92597, 9.5, -0.76065],
			"to": [7.92597, 15.5, -0.76065],
			"rotation": {"angle": 22.5, "axis": "y", "origin": [8, 10.02513, 6.34619]},
			"faces": {
				"north": {"uv": [6.75, 5.375, 7.5, 6.125], "texture": "#1"},
				"east": {"uv": [6.75, 5.375, 6.75, 6.125], "texture": "#1"},
				"south": {"uv": [7.5, 5.375, 8.25, 6.125], "texture": "#1"},
				"west": {"uv": [7.5, 5.375, 7.5, 6.125], "texture": "#1"},
				"up": {"uv": [7.5, 5.375, 6.75, 5.375], "texture": "#1"},
				"down": {"uv": [8.25, 5.375, 7.5, 5.375], "texture": "#1"}
			}
		},
		{
			"from": [8.07403, 9.5, -0.76065],
			"to": [14.07403, 15.5, -0.76065],
			"rotation": {"angle": -22.5, "axis": "y", "origin": [8, 10.02513, 6.34619]},
			"faces": {
				"north": {"uv": [1.625, 6.75, 2.375, 7.5], "texture": "#1"},
				"east": {"uv": [1.625, 6.75, 1.625, 7.5], "texture": "#1"},
				"south": {"uv": [2.375, 6.75, 3.125, 7.5], "texture": "#1"},
				"west": {"uv": [2.375, 6.75, 2.375, 7.5], "texture": "#1"},
				"up": {"uv": [2.375, 6.75, 1.625, 6.75], "texture": "#1"},
				"down": {"uv": [3.125, 6.75, 2.375, 6.75], "texture": "#1"}
			}
		},
		{
			"from": [-2.75, 10.5, 1],
			"to": [0.25, 14.5, 4],
			"rotation": {"angle": 0, "axis": "y", "origin": [8, 10.02513, 6.34619]},
			"faces": {
				"north": {"uv": [6.75, 7, 7.125, 7.5], "texture": "#1"},
				"east": {"uv": [6.375, 7, 6.75, 7.5], "texture": "#1"},
				"south": {"uv": [7.5, 7, 7.875, 7.5], "texture": "#1"},
				"west": {"uv": [7.125, 7, 7.5, 7.5], "texture": "#1"},
				"up": {"uv": [7.125, 7, 6.75, 6.625], "texture": "#1"},
				"down": {"uv": [7.5, 6.625, 7.125, 7], "texture": "#1"}
			}
		},
		{
			"from": [-1.75, 12.5, 3],
			"to": [11.25, 13.5, 3],
			"rotation": {"angle": 0, "axis": "y", "origin": [-1.25, 13, 3]},
			"faces": {
				"north": {"uv": [5.875, 5.125, 7.5, 5.25], "texture": "#1"},
				"east": {"uv": [5.875, 5.125, 5.875, 5.25], "texture": "#1"},
				"south": {"uv": [7.5, 5.125, 9.125, 5.25], "texture": "#1"},
				"west": {"uv": [7.5, 5.125, 7.5, 5.25], "texture": "#1"},
				"up": {"uv": [7.5, 5.125, 5.875, 5.125], "texture": "#1"},
				"down": {"uv": [9.125, 5.125, 7.5, 5.125], "texture": "#1"}
			}
		},
		{
			"from": [4.75, 12.5, 3],
			"to": [17.75, 13.5, 3],
			"rotation": {"angle": 0, "axis": "y", "origin": [17.25, 13, 3]},
			"faces": {
				"north": {"uv": [3.25, 2.625, 4.875, 2.75], "texture": "#1"},
				"east": {"uv": [3.25, 2.625, 3.25, 2.75], "texture": "#1"},
				"south": {"uv": [4.875, 2.625, 6.5, 2.75], "texture": "#1"},
				"west": {"uv": [4.875, 2.625, 4.875, 2.75], "texture": "#1"},
				"up": {"uv": [4.875, 2.625, 3.25, 2.625], "texture": "#1"},
				"down": {"uv": [6.5, 2.625, 4.875, 2.625], "texture": "#1"}
			}
		},
		{
			"from": [7.82403, 11.25, -1.51065],
			"to": [14.32403, 13.75, -0.01065],
			"rotation": {"angle": -22.5, "axis": "y", "origin": [8, 10.02513, 6.34619]},
			"faces": {
				"north": {"uv": [3.375, 7.125, 4.125, 7.375], "texture": "#1"},
				"east": {"uv": [3.25, 7.125, 3.375, 7.375], "texture": "#1"},
				"south": {"uv": [4.25, 7.125, 5, 7.375], "texture": "#1"},
				"west": {"uv": [4.125, 7.125, 4.25, 7.375], "texture": "#1"},
				"up": {"uv": [4.125, 7.125, 3.375, 7], "texture": "#1"},
				"down": {"uv": [4.875, 7, 4.125, 7.125], "texture": "#1"}
			}
		},
		{
			"from": [9, 10.5, -1.5],
			"to": [12, 14.5, 1.5],
			"rotation": {"angle": 0, "axis": "y", "origin": [8, 10.02513, 6.34619]},
			"faces": {
				"north": {"uv": [6.625, 0.375, 7, 0.875], "texture": "#1"},
				"east": {"uv": [6.25, 0.375, 6.625, 0.875], "texture": "#1"},
				"south": {"uv": [7.375, 0.375, 7.75, 0.875], "texture": "#1"},
				"west": {"uv": [7, 0.375, 7.375, 0.875], "texture": "#1"},
				"up": {"uv": [7, 0.375, 6.625, 0], "texture": "#1"},
				"down": {"uv": [7.375, 0, 7, 0.375], "texture": "#1"}
			}
		},
		{
			"from": [3.9, 10.4, -1.6],
			"to": [7.1, 14.6, 1.6],
			"rotation": {"angle": 0, "axis": "y", "origin": [8, 10.02513, 6.34619]},
			"faces": {
				"north": {"uv": [3, 5.125, 3.375, 5.625], "texture": "#1"},
				"east": {"uv": [2.625, 5.125, 3, 5.625], "texture": "#1"},
				"south": {"uv": [3.75, 5.125, 4.125, 5.625], "texture": "#1"},
				"west": {"uv": [3.375, 5.125, 3.75, 5.625], "texture": "#1"},
				"up": {"uv": [3.375, 5.125, 3, 4.75], "texture": "#1"},
				"down": {"uv": [3.75, 4.75, 3.375, 5.125], "texture": "#1"}
			}
		},
		{
			"from": [15.75, 10.5, 1],
			"to": [18.75, 14.5, 4],
			"rotation": {"angle": 0, "axis": "y", "origin": [8, 10.02513, 6.34619]},
			"faces": {
				"north": {"uv": [7.125, 7, 6.75, 7.5], "texture": "#1"},
				"east": {"uv": [7.5, 7, 7.125, 7.5], "texture": "#1"},
				"south": {"uv": [7.875, 7, 7.5, 7.5], "texture": "#1"},
				"west": {"uv": [6.75, 7, 6.375, 7.5], "texture": "#1"},
				"up": {"uv": [6.75, 7, 7.125, 6.625], "texture": "#1"},
				"down": {"uv": [7.125, 6.625, 7.5, 7], "texture": "#1"}
			}
		},
		{
			"from": [8.9, 10.4, -1.6],
			"to": [12.1, 14.6, 1.6],
			"rotation": {"angle": 0, "axis": "y", "origin": [8, 10.02513, 6.34619]},
			"faces": {
				"north": {"uv": [3.375, 5.125, 3, 5.625], "texture": "#1"},
				"east": {"uv": [3.75, 5.125, 3.375, 5.625], "texture": "#1"},
				"south": {"uv": [4.125, 5.125, 3.75, 5.625], "texture": "#1"},
				"west": {"uv": [3, 5.125, 2.625, 5.625], "texture": "#1"},
				"up": {"uv": [3, 5.125, 3.375, 4.75], "texture": "#1"},
				"down": {"uv": [3.375, 4.75, 3.75, 5.125], "texture": "#1"}
			}
		},
		{
			"from": [6.5, 9, -2],
			"to": [9.5, 12, 15],
			"rotation": {"angle": 0, "axis": "y", "origin": [8, 10.02513, 6.34619]},
			"faces": {
				"north": {"uv": [5.375, 2.125, 5.75, 2.5], "texture": "#1"},
				"east": {"uv": [3.25, 2.125, 5.375, 2.5], "texture": "#1"},
				"south": {"uv": [7.875, 2.125, 8.25, 2.5], "texture": "#1"},
				"west": {"uv": [5.75, 2.125, 7.875, 2.5], "texture": "#1"},
				"up": {"uv": [5.75, 2.125, 5.375, 0], "texture": "#1"},
				"down": {"uv": [6.125, 0, 5.75, 2.125], "texture": "#1"}
			}
		},
		{
			"from": [6.5, 9, -5],
			"to": [9.5, 16, 2],
			"rotation": {"angle": 0, "axis": "y", "origin": [8, 10.02513, 6.34619]},
			"faces": {
				"north": {"uv": [5, 6, 5.375, 6.875], "texture": "#1"},
				"east": {"uv": [4.125, 6, 5, 6.875], "texture": "#1"},
				"south": {"uv": [6.25, 6, 6.625, 6.875], "texture": "#1"},
				"west": {"uv": [5.375, 6, 6.25, 6.875], "texture": "#1"},
				"up": {"uv": [5.375, 6, 5, 5.125], "texture": "#1"},
				"down": {"uv": [5.75, 5.125, 5.375, 6], "texture": "#1"}
			}
		},
		{
			"from": [5.75, 10.75, 6.75],
			"to": [10.25, 16.25, 14.25],
			"rotation": {"angle": 0, "axis": "y", "origin": [8, 10.02513, 6.34619]},
			"faces": {
				"north": {"uv": [0.875, 0.875, 1.375, 1.5], "texture": "#1"},
				"east": {"uv": [0, 0.875, 0.875, 1.5], "texture": "#1"},
				"south": {"uv": [2.25, 0.875, 2.75, 1.5], "texture": "#1"},
				"west": {"uv": [1.375, 0.875, 2.25, 1.5], "texture": "#1"},
				"up": {"uv": [1.375, 0.875, 0.875, 0], "texture": "#1"},
				"down": {"uv": [1.875, 0, 1.375, 0.875], "texture": "#1"}
			}
		},
		{
			"from": [8, 4, -6],
			"to": [8, 16, 19],
			"rotation": {"angle": 0, "axis": "y", "origin": [8, 10.02513, 6.34619]},
			"faces": {
				"north": {"uv": [3.125, 3.125, 3.125, 4.625], "texture": "#1"},
				"east": {"uv": [0, 3.125, 3.125, 4.625], "texture": "#1"},
				"south": {"uv": [6.25, 3.125, 6.25, 4.625], "texture": "#1"},
				"west": {"uv": [3.125, 3.125, 6.25, 4.625], "texture": "#1"},
				"up": {"uv": [3.125, 3.125, 3.125, 0], "texture": "#1"},
				"down": {"uv": [3.125, 0, 3.125, 3.125], "texture": "#1"}
			}
		},
		{
			"from": [7.25, 7.25, 6.75],
			"to": [8.75, 9.75, 11.25],
			"rotation": {"angle": 0, "axis": "y", "origin": [8, 10.02513, 6.34619]},
			"faces": {
				"north": {"uv": [0.5, 5.25, 0.625, 5.5], "texture": "#1"},
				"east": {"uv": [0, 5.25, 0.5, 5.5], "texture": "#1"},
				"south": {"uv": [1.125, 5.25, 1.25, 5.5], "texture": "#1"},
				"west": {"uv": [0.625, 5.25, 1.125, 5.5], "texture": "#1"},
				"up": {"uv": [0.625, 5.25, 0.5, 4.75], "texture": "#1"},
				"down": {"uv": [0.75, 4.75, 0.625, 5.25], "texture": "#1"}
			}
		},
		{
			"from": [6.5, 12, -2],
			"to": [9.5, 14, 13],
			"rotation": {"angle": 0, "axis": "y", "origin": [8, 10.02513, 6.34619]},
			"faces": {
				"north": {"uv": [6.375, 4.75, 6.75, 5], "texture": "#1"},
				"east": {"uv": [4.5, 4.75, 6.375, 5], "texture": "#1"},
				"south": {"uv": [8.625, 4.75, 9, 5], "texture": "#1"},
				"west": {"uv": [6.75, 4.75, 8.625, 5], "texture": "#1"},
				"up": {"uv": [6.75, 4.75, 6.375, 2.875], "texture": "#1"},
				"down": {"uv": [7.125, 2.875, 6.75, 4.75], "texture": "#1"}
			}
		},
		{
			"from": [5.5, 10.5, 10],
			"to": [10.5, 12.5, 17],
			"rotation": {"angle": 0, "axis": "y", "origin": [8, 10.02513, 6.34619]},
			"faces": {
				"north": {"uv": [0.875, 2.5, 1.5, 2.75], "texture": "#1"},
				"east": {"uv": [0, 2.5, 0.875, 2.75], "texture": "#1"},
				"south": {"uv": [2.375, 2.5, 3, 2.75], "texture": "#1"},
				"west": {"uv": [1.5, 2.5, 2.375, 2.75], "texture": "#1"},
				"up": {"uv": [1.5, 2.5, 0.875, 1.625], "texture": "#1"},
				"down": {"uv": [2.125, 1.625, 1.5, 2.5], "texture": "#1"}
			}
		},
		{
			"from": [7, 11.61612, 8.3514],
			"to": [9, 14.61612, 13.3514],
			"rotation": {"angle": 45, "axis": "x", "origin": [8, 10.02513, 6.34619]},
			"faces": {
				"north": {"uv": [3.875, 0.625, 4.125, 1], "texture": "#1"},
				"east": {"uv": [3.25, 0.625, 3.875, 1], "texture": "#1"},
				"south": {"uv": [4.75, 0.625, 5, 1], "texture": "#1"},
				"west": {"uv": [4.125, 0.625, 4.75, 1], "texture": "#1"},
				"up": {"uv": [4.125, 0.625, 3.875, 0], "texture": "#1"},
				"down": {"uv": [4.375, 0, 4.125, 0.625], "texture": "#1"}
			}
		},
		{
			"from": [6.75, 11.36612, 13.1014],
			"to": [9.25, 14.86612, 15.6014],
			"rotation": {"angle": 45, "axis": "x", "origin": [8, 10.02513, 6.34619]},
			"faces": {
				"north": {"uv": [2.25, 0.25, 2.5, 0.625], "texture": "#1"},
				"east": {"uv": [2, 0.25, 2.25, 0.625], "texture": "#1"},
				"south": {"uv": [2.75, 0.25, 3, 0.625], "texture": "#1"},
				"west": {"uv": [2.5, 0.25, 2.75, 0.625], "texture": "#1"},
				"up": {"uv": [2.5, 0.25, 2.25, 0], "texture": "#1"},
				"down": {"uv": [2.75, 0, 2.5, 0.25], "texture": "#1"}
			}
		}
	],
	"display": {
		"thirdperson_righthand": {
			"translation": [0, -0.75, -2],
			"scale": [0.8, 0.8, 0.8]
		},
		"thirdperson_lefthand": {
			"translation": [0, -0.75, -2.75],
			"scale": [0.8, 0.8, 0.8]
		},
		"firstperson_righthand": {
			"translation": [2.75, -1.25, 0]
		},
		"firstperson_lefthand": {
			"translation": [3, -1.5, 0.5]
		},
		"ground": {
			"scale": [0.65, 0.65, 0.65]
		},
		"gui": {
			"rotation": [20, 142, 0],
			"translation": [2, -0.75, 0],
			"scale": [0.75, 0.75, 0.75]
		},
		"fixed": {
			"rotation": [0, 90, 0],
			"translation": [0.75, -0.5, -1],
			"scale": [0.8, 0.8, 0.8]
		}
	},
	"groups": [
		{
			"name": "Crossbow",
			"origin": [14, 11.5, -5],
			"color": 0,
			"children": [
				{
					"name": "arrow",
					"origin": [1, 1, 1],
					"color": 0,
					"children": [0, 1]
				},
				2,
				3,
				4,
				5,
				6,
				7,
				{
					"name": "Right",
					"origin": [-1.25, 13, 3],
					"color": 0,
					"children": [8]
				},
				{
					"name": "Left",
					"origin": [17.25, 13, 3],
					"color": 0,
					"children": [9]
				},
				10,
				11,
				12,
				13,
				14,
				15,
				16,
				17,
				18,
				19,
				20,
				21,
				22,
				23
			]
		}
	]
}
