{
	"credit": "Made with Blockbench",
	"ambientocclusion": false,
	"texture_size": [64, 64],
	"textures": {
		"0": "elitemobs:items/livingsword",
		"particle": "elitemobs:items/livingsword"
	},
	"elements": [
		{
			"from": [8, -2, 2.75],
			"to": [8, 32, 11.75],
			"rotation": {"angle": 0, "axis": "y", "origin": [8.125, 9.5, 7.71079]},
			"faces": {
				"north": {"uv": [2.25, 2.25, 2.25, 10.75], "texture": "#0"},
				"east": {"uv": [0, 2.25, 2.25, 10.75], "texture": "#0"},
				"south": {"uv": [4.5, 2.25, 4.5, 10.75], "texture": "#0"},
				"west": {"uv": [2.25, 2.25, 4.5, 10.75], "texture": "#0"},
				"up": {"uv": [2.25, 2.25, 2.25, 0], "texture": "#0"},
				"down": {"uv": [2.25, 0, 2.25, 2.25], "texture": "#0"}
			}
		},
		{
			"from": [7.25, 7.75, 4.5],
			"to": [8.75, 28.25, 10],
			"rotation": {"angle": 0, "axis": "y", "origin": [8.125, 9.5, 7.71079]},
			"faces": {
				"north": {"uv": [6, 1.25, 6.25, 6.25], "texture": "#0"},
				"east": {"uv": [4.75, 1.25, 6, 6.25], "texture": "#0"},
				"south": {"uv": [7.5, 1.25, 7.75, 6.25], "texture": "#0"},
				"west": {"uv": [6.25, 1.25, 7.5, 6.25], "texture": "#0"},
				"up": {"uv": [6.25, 1.25, 6, 0], "texture": "#0"},
				"down": {"uv": [6.5, 0, 6.25, 1.25], "texture": "#0"}
			}
		},
		{
			"from": [5.5, 9, 4.75],
			"to": [7.5, 12, 7.75],
			"rotation": {"angle": 0, "axis": "y", "origin": [8.125, 9.5, 7.71079]},
			"faces": {
				"north": {"uv": [11, 5.5, 11.5, 6.25], "texture": "#0"},
				"east": {"uv": [10.25, 5.5, 11, 6.25], "texture": "#0"},
				"south": {"uv": [12.25, 5.5, 12.75, 6.25], "texture": "#0"},
				"west": {"uv": [11.5, 5.5, 12.25, 6.25], "texture": "#0"},
				"up": {"uv": [11.5, 5.5, 11, 4.75], "texture": "#0"},
				"down": {"uv": [12, 4.75, 11.5, 5.5], "texture": "#0"}
			}
		},
		{
			"from": [8.25, 10.25, 7],
			"to": [10.25, 13.25, 10],
			"rotation": {"angle": 0, "axis": "y", "origin": [8.125, 9.5, 7.71079]},
			"faces": {
				"north": {"uv": [4.75, 11.5, 5.25, 12.25], "texture": "#0"},
				"east": {"uv": [4, 11.5, 4.75, 12.25], "texture": "#0"},
				"south": {"uv": [6, 11.5, 6.5, 12.25], "texture": "#0"},
				"west": {"uv": [5.25, 11.5, 6, 12.25], "texture": "#0"},
				"up": {"uv": [5.25, 11.5, 4.75, 10.75], "texture": "#0"},
				"down": {"uv": [5.75, 10.75, 5.25, 11.5], "texture": "#0"}
			}
		},
		{
			"from": [5.5, 12.25, 8.75],
			"to": [8, 14.75, 11.25],
			"rotation": {"angle": 0, "axis": "y", "origin": [8.125, 9.5, 7.71079]},
			"faces": {
				"north": {"uv": [11.75, 4, 12.25, 4.5], "texture": "#0"},
				"east": {"uv": [11.25, 4, 11.75, 4.5], "texture": "#0"},
				"south": {"uv": [12.75, 4, 13.25, 4.5], "texture": "#0"},
				"west": {"uv": [12.25, 4, 12.75, 4.5], "texture": "#0"},
				"up": {"uv": [12.25, 4, 11.75, 3.5], "texture": "#0"},
				"down": {"uv": [12.75, 3.5, 12.25, 4], "texture": "#0"}
			}
		},
		{
			"from": [5.75, 8, 7],
			"to": [7.75, 10, 9],
			"rotation": {"angle": 0, "axis": "y", "origin": [8.125, 9.5, 7.71079]},
			"faces": {
				"north": {"uv": [11.75, 0.5, 12.25, 1], "texture": "#0"},
				"east": {"uv": [11.25, 0.5, 11.75, 1], "texture": "#0"},
				"south": {"uv": [12.75, 0.5, 13.25, 1], "texture": "#0"},
				"west": {"uv": [12.25, 0.5, 12.75, 1], "texture": "#0"},
				"up": {"uv": [12.25, 0.5, 11.75, 0], "texture": "#0"},
				"down": {"uv": [12.75, 0, 12.25, 0.5], "texture": "#0"}
			}
		},
		{
			"from": [8.75, 8, 5],
			"to": [10.75, 10, 7],
			"rotation": {"angle": 0, "axis": "y", "origin": [8.125, 9.5, 7.71079]},
			"faces": {
				"north": {"uv": [11.5, 10, 12, 10.5], "texture": "#0"},
				"east": {"uv": [11, 10, 11.5, 10.5], "texture": "#0"},
				"south": {"uv": [12.5, 10, 13, 10.5], "texture": "#0"},
				"west": {"uv": [12, 10, 12.5, 10.5], "texture": "#0"},
				"up": {"uv": [12, 10, 11.5, 9.5], "texture": "#0"},
				"down": {"uv": [12.5, 9.5, 12, 10], "texture": "#0"}
			}
		},
		{
			"from": [5.4, 8.9, 4.65],
			"to": [7.6, 12.1, 7.85],
			"rotation": {"angle": 0, "axis": "y", "origin": [8.125, 9.5, 7.71079]},
			"faces": {
				"north": {"uv": [9, 11, 9.5, 11.75], "texture": "#0"},
				"east": {"uv": [8.25, 11, 9, 11.75], "texture": "#0"},
				"south": {"uv": [10.25, 11, 10.75, 11.75], "texture": "#0"},
				"west": {"uv": [9.5, 11, 10.25, 11.75], "texture": "#0"},
				"up": {"uv": [9.5, 11, 9, 10.25], "texture": "#0"},
				"down": {"uv": [10, 10.25, 9.5, 11], "texture": "#0"}
			}
		},
		{
			"from": [5.65, 7.9, 6.9],
			"to": [7.85, 10.1, 9.1],
			"rotation": {"angle": 0, "axis": "y", "origin": [8.125, 9.5, 7.71079]},
			"faces": {
				"north": {"uv": [11.5, 7, 12, 7.5], "texture": "#0"},
				"east": {"uv": [11, 7, 11.5, 7.5], "texture": "#0"},
				"south": {"uv": [12.5, 7, 13, 7.5], "texture": "#0"},
				"west": {"uv": [12, 7, 12.5, 7.5], "texture": "#0"},
				"up": {"uv": [12, 7, 11.5, 6.5], "texture": "#0"},
				"down": {"uv": [12.5, 6.5, 12, 7], "texture": "#0"}
			}
		},
		{
			"from": [5.4, 12.15, 8.65],
			"to": [8.1, 14.85, 11.35],
			"rotation": {"angle": 0, "axis": "y", "origin": [8.125, 9.5, 7.71079]},
			"faces": {
				"north": {"uv": [0.5, 11.5, 1, 12], "texture": "#0"},
				"east": {"uv": [0, 11.5, 0.5, 12], "texture": "#0"},
				"south": {"uv": [1.5, 11.5, 2, 12], "texture": "#0"},
				"west": {"uv": [1, 11.5, 1.5, 12], "texture": "#0"},
				"up": {"uv": [1, 11.5, 0.5, 11], "texture": "#0"},
				"down": {"uv": [1.5, 11, 1, 11.5], "texture": "#0"}
			}
		},
		{
			"from": [8.15, 10.15, 6.9],
			"to": [10.35, 13.35, 10.1],
			"rotation": {"angle": 0, "axis": "y", "origin": [8.125, 9.5, 7.71079]},
			"faces": {
				"north": {"uv": [9.75, 8.5, 10.25, 9.25], "texture": "#0"},
				"east": {"uv": [9, 8.5, 9.75, 9.25], "texture": "#0"},
				"south": {"uv": [11, 8.5, 11.5, 9.25], "texture": "#0"},
				"west": {"uv": [10.25, 8.5, 11, 9.25], "texture": "#0"},
				"up": {"uv": [10.25, 8.5, 9.75, 7.75], "texture": "#0"},
				"down": {"uv": [10.75, 7.75, 10.25, 8.5], "texture": "#0"}
			}
		},
		{
			"from": [8.65, 7.9, 4.9],
			"to": [10.85, 10.1, 7.1],
			"rotation": {"angle": 0, "axis": "y", "origin": [8.125, 9.5, 7.71079]},
			"faces": {
				"north": {"uv": [11.25, 2.75, 11.75, 3.25], "texture": "#0"},
				"east": {"uv": [10.75, 2.75, 11.25, 3.25], "texture": "#0"},
				"south": {"uv": [12.25, 2.75, 12.75, 3.25], "texture": "#0"},
				"west": {"uv": [11.75, 2.75, 12.25, 3.25], "texture": "#0"},
				"up": {"uv": [11.75, 2.75, 11.25, 2.25], "texture": "#0"},
				"down": {"uv": [12.25, 2.25, 11.75, 2.75], "texture": "#0"}
			}
		},
		{
			"from": [6.75, 7.25, 6],
			"to": [9.25, 13.75, 10.5],
			"rotation": {"angle": 0, "axis": "y", "origin": [8.125, 9.5, 7.71079]},
			"faces": {
				"north": {"uv": [9, 1, 9.5, 2.5], "texture": "#0"},
				"east": {"uv": [8, 1, 9, 2.5], "texture": "#0"},
				"south": {"uv": [10.5, 1, 11, 2.5], "texture": "#0"},
				"west": {"uv": [9.5, 1, 10.5, 2.5], "texture": "#0"},
				"up": {"uv": [9.5, 1, 9, 0], "texture": "#0"},
				"down": {"uv": [10, 0, 9.5, 1], "texture": "#0"}
			}
		},
		{
			"from": [6.75, 4.25, 7],
			"to": [9.25, 7.75, 9.5],
			"rotation": {"angle": 0, "axis": "y", "origin": [8.125, 9.5, 7.71079]},
			"faces": {
				"north": {"uv": [11, 12, 11.5, 12.75], "texture": "#0"},
				"east": {"uv": [10.5, 12, 11, 12.75], "texture": "#0"},
				"south": {"uv": [12, 12, 12.5, 12.75], "texture": "#0"},
				"west": {"uv": [11.5, 12, 12, 12.75], "texture": "#0"},
				"up": {"uv": [11.5, 12, 11, 11.5], "texture": "#0"},
				"down": {"uv": [12, 11.5, 11.5, 12], "texture": "#0"}
			}
		},
		{
			"from": [6.5, 7, 5.75],
			"to": [9.5, 17, 10.75],
			"rotation": {"angle": 0, "axis": "y", "origin": [8.125, 9.5, 7.71079]},
			"faces": {
				"north": {"uv": [6, 8, 6.75, 10.5], "texture": "#0"},
				"east": {"uv": [4.75, 8, 6, 10.5], "texture": "#0"},
				"south": {"uv": [8, 8, 8.75, 10.5], "texture": "#0"},
				"west": {"uv": [6.75, 8, 8, 10.5], "texture": "#0"},
				"up": {"uv": [6.75, 8, 6, 6.75], "texture": "#0"},
				"down": {"uv": [7.5, 6.75, 6.75, 8], "texture": "#0"}
			}
		},
		{
			"from": [6.5, 8.67938, 4.15273],
			"to": [9.5, 12.67938, 7.15273],
			"rotation": {"angle": -45, "axis": "x", "origin": [8.125, 9.5, 7.71079]},
			"faces": {
				"north": {"uv": [8.75, 3.5, 9.5, 4.5], "texture": "#0"},
				"east": {"uv": [8, 3.5, 8.75, 4.5], "texture": "#0"},
				"south": {"uv": [10.25, 3.5, 11, 4.5], "texture": "#0"},
				"west": {"uv": [9.5, 3.5, 10.25, 4.5], "texture": "#0"},
				"up": {"uv": [9.5, 3.5, 8.75, 2.75], "texture": "#0"},
				"down": {"uv": [10.25, 2.75, 9.5, 3.5], "texture": "#0"}
			}
		},
		{
			"from": [6.25, 8.42938, 3.90273],
			"to": [9.75, 12.92938, 7.40273],
			"rotation": {"angle": -45, "axis": "x", "origin": [8.125, 9.5, 7.71079]},
			"faces": {
				"north": {"uv": [8.5, 6.5, 9.25, 7.5], "texture": "#0"},
				"east": {"uv": [7.75, 6.5, 8.5, 7.5], "texture": "#0"},
				"south": {"uv": [10, 6.5, 10.75, 7.5], "texture": "#0"},
				"west": {"uv": [9.25, 6.5, 10, 7.5], "texture": "#0"},
				"up": {"uv": [9.25, 6.5, 8.5, 5.75], "texture": "#0"},
				"down": {"uv": [10, 5.75, 9.25, 6.5], "texture": "#0"}
			}
		},
		{
			"from": [7, 1.5, 6.25],
			"to": [9, 7.5, 8.25],
			"rotation": {"angle": 0, "axis": "y", "origin": [8.125, 9.5, 7.71079]},
			"faces": {
				"north": {"uv": [0.5, 0.5, 1, 2], "texture": "#0"},
				"east": {"uv": [0, 0.5, 0.5, 2], "texture": "#0"},
				"south": {"uv": [1.5, 0.5, 2, 2], "texture": "#0"},
				"west": {"uv": [1, 0.5, 1.5, 2], "texture": "#0"},
				"up": {"uv": [1, 0.5, 0.5, 0], "texture": "#0"},
				"down": {"uv": [1.5, 0, 1, 0.5], "texture": "#0"}
			}
		},
		{
			"from": [6.75, -0.75, 6],
			"to": [9.25, 2.75, 8.5],
			"rotation": {"angle": 0, "axis": "y", "origin": [8.125, 9.5, 7.71079]},
			"faces": {
				"north": {"uv": [3, 0.5, 3.5, 1.25], "texture": "#0"},
				"east": {"uv": [2.5, 0.5, 3, 1.25], "texture": "#0"},
				"south": {"uv": [4, 0.5, 4.5, 1.25], "texture": "#0"},
				"west": {"uv": [3.5, 0.5, 4, 1.25], "texture": "#0"},
				"up": {"uv": [3.5, 0.5, 3, 0], "texture": "#0"},
				"down": {"uv": [4, 0, 3.5, 0.5], "texture": "#0"}
			}
		}
	],
	"display": {
		"thirdperson_righthand": {
			"translation": [0, 1.25, 1]
		},
		"thirdperson_lefthand": {
			"translation": [0, 1.5, 1.25]
		},
		"firstperson_righthand": {
			"translation": [1, 2.25, 0]
		},
		"firstperson_lefthand": {
			"translation": [1, 2.25, 0]
		},
		"ground": {
			"translation": [0, 3.75, 0],
			"scale": [0.55, 0.55, 0.55]
		},
		"gui": {
			"rotation": [-90, -45, -90],
			"translation": [-2.5, -3, 0],
			"scale": [0.55, 0.55, 0.55]
		},
		"fixed": {
			"rotation": [-90, -45, -90],
			"translation": [-3.75, -3.75, 0],
			"scale": [0.7, 0.7, 0.7]
		},
		"on_shelf": {
			"rotation": [0, 90, 0],
			"scale": [0.7, 0.7, 0.7]
		}
	},
	"groups": [
		{
			"name": "Sword",
			"origin": [0, -2, 4.25],
			"color": 0,
			"children": [0, 1, 2, 3, 4, 5, 6, 7, 8, 9, 10, 11, 12, 13, 14, 15, 16, 17, 18]
		}
	]
}
