{
	"credit": "Made with Blockbench",
	"ambientocclusion": false,
	"texture_size": [64, 64],
	"textures": {
		"0": "elitemobs:items/ancientpalladiumtrident1",
		"particle": "elitemobs:items/ancientpalladiumtrident1"
	},
	"elements": [
		{
			"from": [7, -6, 7],
			"to": [9, 16, 9],
			"rotation": {"angle": 0, "axis": "y", "origin": [8, 7.25, 8]},
			"faces": {
				"north": {"uv": [6.75, 0.5, 7.25, 6], "texture": "#0"},
				"east": {"uv": [6.25, 0.5, 6.75, 6], "texture": "#0"},
				"south": {"uv": [7.75, 0.5, 8.25, 6], "texture": "#0"},
				"west": {"uv": [7.25, 0.5, 7.75, 6], "texture": "#0"},
				"up": {"uv": [7.25, 0.5, 6.75, 0], "texture": "#0"},
				"down": {"uv": [7.75, 0, 7.25, 0.5], "texture": "#0"}
			}
		},
		{
			"from": [6.9, 15.9, 4.9],
			"to": [9.1, 22.1, 11.1],
			"rotation": {"angle": 0, "axis": "y", "origin": [8, 7.25, 8]},
			"faces": {
				"north": {"uv": [10, 1.5, 10.5, 3], "texture": "#0"},
				"east": {"uv": [8.5, 1.5, 10, 3], "texture": "#0"},
				"south": {"uv": [12, 1.5, 12.5, 3], "texture": "#0"},
				"west": {"uv": [10.5, 1.5, 12, 3], "texture": "#0"},
				"up": {"uv": [10.5, 1.5, 10, 0], "texture": "#0"},
				"down": {"uv": [11, 0, 10.5, 1.5], "texture": "#0"}
			}
		},
		{
			"from": [7.25, 17.75, 3.75],
			"to": [8.75, 20.25, 12.25],
			"rotation": {"angle": 0, "axis": "y", "origin": [8, 7.25, 8]},
			"faces": {
				"north": {"uv": [8.25, 8.25, 8.5, 8.75], "texture": "#0"},
				"east": {"uv": [6.25, 8.25, 8.25, 8.75], "texture": "#0"},
				"south": {"uv": [10.5, 8.25, 10.75, 8.75], "texture": "#0"},
				"west": {"uv": [8.5, 8.25, 10.5, 8.75], "texture": "#0"},
				"up": {"uv": [8.5, 8.25, 8.25, 6.25], "texture": "#0"},
				"down": {"uv": [8.75, 6.25, 8.5, 8.25], "texture": "#0"}
			}
		},
		{
			"from": [8, -8, 2],
			"to": [8, 30, 14],
			"rotation": {"angle": 0, "axis": "y", "origin": [8, 7.25, 8]},
			"faces": {
				"north": {"uv": [3, 3, 3, 12.5], "texture": "#0"},
				"east": {"uv": [0, 3, 3, 12.5], "texture": "#0"},
				"south": {"uv": [6, 3, 6, 12.5], "texture": "#0"},
				"west": {"uv": [3, 3, 6, 12.5], "texture": "#0"},
				"up": {"uv": [3, 3, 3, 0], "texture": "#0"},
				"down": {"uv": [3, 0, 3, 3], "texture": "#0"}
			}
		},
		{
			"from": [6.5, 13, 6.5],
			"to": [9.5, 19, 9.5],
			"rotation": {"angle": 0, "axis": "y", "origin": [8, 7.25, 8]},
			"faces": {
				"north": {"uv": [10.25, 9.75, 11, 11.25], "texture": "#0"},
				"east": {"uv": [9.5, 9.75, 10.25, 11.25], "texture": "#0"},
				"south": {"uv": [11.75, 9.75, 12.5, 11.25], "texture": "#0"},
				"west": {"uv": [11, 9.75, 11.75, 11.25], "texture": "#0"},
				"up": {"uv": [11, 9.75, 10.25, 9], "texture": "#0"},
				"down": {"uv": [11.75, 9, 11, 9.75], "texture": "#0"}
			}
		},
		{
			"from": [6.25, 12.75, 6.25],
			"to": [9.75, 19.25, 9.75],
			"rotation": {"angle": 0, "axis": "y", "origin": [8, 7.25, 8]},
			"faces": {
				"north": {"uv": [7, 9.75, 7.75, 11.25], "texture": "#0"},
				"east": {"uv": [6.25, 9.75, 7, 11.25], "texture": "#0"},
				"south": {"uv": [8.5, 9.75, 9.25, 11.25], "texture": "#0"},
				"west": {"uv": [7.75, 9.75, 8.5, 11.25], "texture": "#0"},
				"up": {"uv": [7.75, 9.75, 7, 9], "texture": "#0"},
				"down": {"uv": [8.5, 9, 7.75, 9.75], "texture": "#0"}
			}
		},
		{
			"from": [6.75, -2.25, 6.75],
			"to": [9.25, 13.25, 9.25],
			"rotation": {"angle": 0, "axis": "y", "origin": [8, 7.25, 8]},
			"faces": {
				"north": {"uv": [9.5, 3.75, 10, 7.5], "texture": "#0"},
				"east": {"uv": [9, 3.75, 9.5, 7.5], "texture": "#0"},
				"south": {"uv": [10.5, 3.75, 11, 7.5], "texture": "#0"},
				"west": {"uv": [10, 3.75, 10.5, 7.5], "texture": "#0"},
				"up": {"uv": [10, 3.75, 9.5, 3.25], "texture": "#0"},
				"down": {"uv": [10.5, 3.25, 10, 3.75], "texture": "#0"}
			}
		},
		{
			"from": [6.75, -6.25, 6.75],
			"to": [9.25, -2.75, 9.25],
			"rotation": {"angle": 0, "axis": "y", "origin": [8, 7.25, 8]},
			"faces": {
				"north": {"uv": [0.5, 0.5, 1, 1.25], "texture": "#0"},
				"east": {"uv": [0, 0.5, 0.5, 1.25], "texture": "#0"},
				"south": {"uv": [1.5, 0.5, 2, 1.25], "texture": "#0"},
				"west": {"uv": [1, 0.5, 1.5, 1.25], "texture": "#0"},
				"up": {"uv": [1, 0.5, 0.5, 0], "texture": "#0"},
				"down": {"uv": [1.5, 0, 1, 0.5], "texture": "#0"}
			}
		}
	],
	"display": {
		"thirdperson_righthand": {
			"translation": [0, 0.25, 0.75]
		},
		"firstperson_righthand": {
			"translation": [1.75, 2, 0]
		},
		"firstperson_lefthand": {
			"translation": [2.5, 1, -0.5]
		},
		"ground": {
			"translation": [0, 7.75, 0],
			"scale": [0.65, 0.65, 0.65]
		},
		"gui": {
			"rotation": [-90, -45, -90],
			"translation": [-1, -1, 0],
			"scale": [0.58, 0.58, 0.6]
		},
		"fixed": {
			"rotation": [-90, -45, -90],
			"translation": [-1.25, -1, 0],
			"scale": [0.7, 0.7, 0.7]
		},
		"on_shelf": {
			"rotation": [0, 90, 0]
		}
	},
	"groups": [
		{
			"name": "Trident",
			"origin": [0, 0, 0],
			"color": 0,
			"children": [0, 1, 2, 3, 4, 5, 6, 7]
		}
	]
}
