{
	"credit": "Made with Blockbench",
	"ambientocclusion": false,
	"texture_size": [64, 64],
	"textures": {
		"0": "elitemobs:items/ultimatiumtrident1",
		"particle": "elitemobs:items/ultimatiumtrident1"
	},
	"elements": [
		{
			"from": [7, -10, 6],
			"to": [9, 12, 8],
			"rotation": {"angle": 0, "axis": "y", "origin": [8, 5.5, 7]},
			"faces": {
				"north": {"uv": [14.25, 7.25, 14.75, 12.75], "texture": "#0"},
				"east": {"uv": [13.75, 7.25, 14.25, 12.75], "texture": "#0"},
				"south": {"uv": [15.25, 7.25, 15.75, 12.75], "texture": "#0"},
				"west": {"uv": [14.75, 7.25, 15.25, 12.75], "texture": "#0"},
				"up": {"uv": [14.75, 7.25, 14.25, 6.75], "texture": "#0"},
				"down": {"uv": [15.25, 6.75, 14.75, 7.25], "texture": "#0"}
			}
		},
		{
			"from": [6.75, -12.25, 5.75],
			"to": [9.25, 12.25, 8.25],
			"rotation": {"angle": 0, "axis": "y", "origin": [8, 5.5, 7]},
			"faces": {
				"north": {"uv": [14.25, 0.5, 14.75, 6.5], "texture": "#0"},
				"east": {"uv": [13.75, 0.5, 14.25, 6.5], "texture": "#0"},
				"south": {"uv": [15.25, 0.5, 15.75, 6.5], "texture": "#0"},
				"west": {"uv": [14.75, 0.5, 15.25, 6.5], "texture": "#0"},
				"up": {"uv": [14.75, 0.5, 14.25, 0], "texture": "#0"},
				"down": {"uv": [15.25, 0, 14.75, 0.5], "texture": "#0"}
			}
		},
		{
			"from": [6.5, -13, 5.5],
			"to": [9.5, -1, 8.5],
			"rotation": {"angle": 0, "axis": "y", "origin": [8, 5.5, 7]},
			"faces": {
				"north": {"uv": [0.75, 0.75, 1.5, 3.75], "texture": "#0"},
				"east": {"uv": [0, 0.75, 0.75, 3.75], "texture": "#0"},
				"south": {"uv": [2.25, 0.75, 3, 3.75], "texture": "#0"},
				"west": {"uv": [1.5, 0.75, 2.25, 3.75], "texture": "#0"},
				"up": {"uv": [1.5, 0.75, 0.75, 0], "texture": "#0"},
				"down": {"uv": [2.25, 0, 1.5, 0.75], "texture": "#0"}
			}
		},
		{
			"from": [8, -16, -4],
			"to": [8, 27, 18],
			"rotation": {"angle": 0, "axis": "y", "origin": [8, 5.5, 7]},
			"faces": {
				"north": {"uv": [5.75, 4.75, 5.75, 15.5], "texture": "#0"},
				"east": {"uv": [0.25, 4.75, 5.75, 15.5], "texture": "#0"},
				"south": {"uv": [11.25, 4.75, 11.25, 15.5], "texture": "#0"},
				"west": {"uv": [5.75, 4.75, 11.25, 15.5], "texture": "#0"},
				"up": {"uv": [5.75, 4.75, 5.75, -0.75], "texture": "#0"},
				"down": {"uv": [5.75, -0.75, 5.75, 4.75], "texture": "#0"}
			}
		},
		{
			"from": [6.5, 12, 5],
			"to": [9.5, 16, 9],
			"rotation": {"angle": 0, "axis": "y", "origin": [8, 5.5, 7]},
			"faces": {
				"north": {"uv": [5.75, 1, 6.5, 2], "texture": "#0"},
				"east": {"uv": [4.75, 1, 5.75, 2], "texture": "#0"},
				"south": {"uv": [7.5, 1, 8.25, 2], "texture": "#0"},
				"west": {"uv": [6.5, 1, 7.5, 2], "texture": "#0"},
				"up": {"uv": [6.5, 1, 5.75, 0], "texture": "#0"},
				"down": {"uv": [7.25, 0, 6.5, 1], "texture": "#0"}
			}
		},
		{
			"from": [7.35, 12.85, 1.85],
			"to": [8.65, 15.15, 5.15],
			"rotation": {"angle": 0, "axis": "y", "origin": [8, 5.5, 7]},
			"faces": {
				"north": {"uv": [12.25, 2.75, 12.5, 3.25], "texture": "#0"},
				"east": {"uv": [11.5, 2.75, 12.25, 3.25], "texture": "#0"},
				"south": {"uv": [13.25, 2.75, 13.5, 3.25], "texture": "#0"},
				"west": {"uv": [12.5, 2.75, 13.25, 3.25], "texture": "#0"},
				"up": {"uv": [12.5, 2.75, 12.25, 2], "texture": "#0"},
				"down": {"uv": [12.75, 2, 12.5, 2.75], "texture": "#0"}
			}
		},
		{
			"from": [7.25, 11.25, 1.25],
			"to": [8.75, 16.75, 3.75],
			"rotation": {"angle": 0, "axis": "y", "origin": [8, 5.5, 7]},
			"faces": {
				"north": {"uv": [12, 0.5, 12.25, 1.75], "texture": "#0"},
				"east": {"uv": [11.5, 0.5, 12, 1.75], "texture": "#0"},
				"south": {"uv": [12.75, 0.5, 13, 1.75], "texture": "#0"},
				"west": {"uv": [12.25, 0.5, 12.75, 1.75], "texture": "#0"},
				"up": {"uv": [12.25, 0.5, 12, 0], "texture": "#0"},
				"down": {"uv": [12.5, 0, 12.25, 0.5], "texture": "#0"}
			}
		},
		{
			"from": [7.25, 11.25, 10.25],
			"to": [8.75, 16.75, 12.75],
			"rotation": {"angle": 0, "axis": "y", "origin": [8, 5.5, 7]},
			"faces": {
				"north": {"uv": [7.5, 2.75, 7.75, 4], "texture": "#0"},
				"east": {"uv": [7, 2.75, 7.5, 4], "texture": "#0"},
				"south": {"uv": [8.25, 2.75, 8.5, 4], "texture": "#0"},
				"west": {"uv": [7.75, 2.75, 8.25, 4], "texture": "#0"},
				"up": {"uv": [7.75, 2.75, 7.5, 2.25], "texture": "#0"},
				"down": {"uv": [8, 2.25, 7.75, 2.75], "texture": "#0"}
			}
		},
		{
			"from": [7.25, 15.75, 5.75],
			"to": [8.75, 20.25, 8.25],
			"rotation": {"angle": 0, "axis": "y", "origin": [8, 5.5, 7]},
			"faces": {
				"north": {"uv": [12, 4, 12.25, 5], "texture": "#0"},
				"east": {"uv": [11.5, 4, 12, 5], "texture": "#0"},
				"south": {"uv": [12.75, 4, 13, 5], "texture": "#0"},
				"west": {"uv": [12.25, 4, 12.75, 5], "texture": "#0"},
				"up": {"uv": [12.25, 4, 12, 3.5], "texture": "#0"},
				"down": {"uv": [12.5, 3.5, 12.25, 4], "texture": "#0"}
			}
		},
		{
			"from": [7.35, 12.85, 8.85],
			"to": [8.65, 15.15, 12.15],
			"rotation": {"angle": 0, "axis": "y", "origin": [8, 5.5, 7]},
			"faces": {
				"north": {"uv": [5.5, 3, 5.75, 3.5], "texture": "#0"},
				"east": {"uv": [4.75, 3, 5.5, 3.5], "texture": "#0"},
				"south": {"uv": [6.5, 3, 6.75, 3.5], "texture": "#0"},
				"west": {"uv": [5.75, 3, 6.5, 3.5], "texture": "#0"},
				"up": {"uv": [5.75, 3, 5.5, 2.25], "texture": "#0"},
				"down": {"uv": [6, 2.25, 5.75, 3], "texture": "#0"}
			}
		}
	],
	"display": {
		"thirdperson_righthand": {
			"translation": [0, 4.25, 1.5],
			"scale": [0.85, 0.85, 0.85]
		},
		"thirdperson_lefthand": {
			"translation": [0, 4.25, 1.5],
			"scale": [0.85, 0.85, 0.85]
		},
		"firstperson_righthand": {
			"translation": [0, 5.25, 0]
		},
		"firstperson_lefthand": {
			"translation": [0, 4.75, 0]
		},
		"ground": {
			"translation": [0, 9.75, 0],
			"scale": [0.45, 0.45, 0.45]
		},
		"gui": {
			"rotation": [-90, -45, -90],
			"translation": [-0.5, 0.25, 0],
			"scale": [0.42, 0.42, 0.42]
		},
		"head": {
			"rotation": [-38.75, 0, 0],
			"translation": [0, 13.25, -18]
		},
		"fixed": {
			"rotation": [-90, -45, -90],
			"translation": [-0.5, 0.25, 0],
			"scale": [0.49, 0.49, 0.49]
		},
		"on_shelf": {
			"rotation": [0, 90, 0],
			"scale": [0.9, 0.9, 0.9]
		}
	},
	"groups": [
		{
			"name": "Trident",
			"origin": [0, 0, 16],
			"color": 0,
			"children": [0, 1, 2, 3, 4, 5, 6, 7, 8, 9]
		}
	]
}
