{
	"credit": "Made with Blockbench",
	"ambientocclusion": false,
	"texture_size": [32, 32],
	"textures": {
		"0": "elitemobs:items/bronzebow",
		"particle": "elitemobs:items/bronzebow"
	},
	"elements": [
		{
			"from": [8, 2.5, 8],
			"to": [8, 15.5, 9],
			"rotation": {"angle": 22.5, "axis": "x", "origin": [8, 3, 8.5]},
			"faces": {
				"north": {"uv": [1.5, 6.5, 1.5, 13], "texture": "#0"},
				"east": {"uv": [1, 6.5, 1.5, 13], "texture": "#0"},
				"south": {"uv": [2, 6.5, 2, 13], "texture": "#0"},
				"west": {"uv": [1.5, 6.5, 2, 13], "texture": "#0"},
				"up": {"uv": [1.5, 6.5, 1.5, 6], "texture": "#0"},
				"down": {"uv": [1.5, 6, 1.5, 6.5], "texture": "#0"}
			}
		},
		{
			"from": [8, 12.5, 8],
			"to": [8, 25.5, 9],
			"rotation": {"angle": -22.5, "axis": "x", "origin": [8, 25, 8.5]},
			"faces": {
				"north": {"uv": [0.5, 6.5, 0.5, 13], "texture": "#0"},
				"east": {"uv": [0, 6.5, 0.5, 13], "texture": "#0"},
				"south": {"uv": [1, 6.5, 1, 13], "texture": "#0"},
				"west": {"uv": [0.5, 6.5, 1, 13], "texture": "#0"},
				"up": {"uv": [0.5, 6.5, 0.5, 6], "texture": "#0"},
				"down": {"uv": [0.5, 6, 0.5, 6.5], "texture": "#0"}
			}
		},
		{
			"from": [7, 9.5, 4],
			"to": [9, 18.5, 6],
			"rotation": {"angle": 0, "axis": "y", "origin": [8, 14, 6.24232]},
			"faces": {
				"north": {"uv": [1, 1, 2, 5.5], "texture": "#0"},
				"east": {"uv": [0, 1, 1, 5.5], "texture": "#0"},
				"south": {"uv": [3, 1, 4, 5.5], "texture": "#0"},
				"west": {"uv": [2, 1, 3, 5.5], "texture": "#0"},
				"up": {"uv": [2, 1, 1, 0], "texture": "#0"},
				"down": {"uv": [3, 0, 2, 1], "texture": "#0"}
			}
		},
		{
			"from": [6.75, 11.25, 3.75],
			"to": [9.25, 16.75, 6.25],
			"rotation": {"angle": 0, "axis": "y", "origin": [8, 14, 6.24232]},
			"faces": {
				"north": {"uv": [3, 9.5, 4, 12], "texture": "#0"},
				"east": {"uv": [2, 9.5, 3, 12], "texture": "#0"},
				"south": {"uv": [5, 9.5, 6, 12], "texture": "#0"},
				"west": {"uv": [4, 9.5, 5, 12], "texture": "#0"},
				"up": {"uv": [4, 9.5, 3, 8.5], "texture": "#0"},
				"down": {"uv": [5, 8.5, 4, 9.5], "texture": "#0"}
			}
		},
		{
			"from": [6.75, 17.5166, 5.64433],
			"to": [9.25, 23.0166, 7.14433],
			"rotation": {"angle": -22.5, "axis": "x", "origin": [8, 14, 6.24232]},
			"faces": {
				"north": {"uv": [11.5, 0.5, 10.5, 3], "texture": "#0"},
				"east": {"uv": [12, 0.5, 11.5, 3], "texture": "#0"},
				"south": {"uv": [13, 0.5, 12, 3], "texture": "#0"},
				"west": {"uv": [10.5, 0.5, 10, 3], "texture": "#0"},
				"up": {"uv": [10.5, 0.5, 11.5, 0], "texture": "#0"},
				"down": {"uv": [11.5, 0, 12.5, 0.5], "texture": "#0"}
			}
		},
		{
			"from": [6.25, 17.43005, -1.96976],
			"to": [9.75, 23.93005, 0.53024],
			"rotation": {"angle": 45, "axis": "x", "origin": [8, 14, 6.24232]},
			"faces": {
				"north": {"uv": [5.5, 5, 7, 8], "texture": "#0"},
				"east": {"uv": [4.5, 5, 5.5, 8], "texture": "#0"},
				"south": {"uv": [8, 5, 9.5, 8], "texture": "#0"},
				"west": {"uv": [7, 5, 8, 8], "texture": "#0"},
				"up": {"uv": [7, 5, 5.5, 4], "texture": "#0"},
				"down": {"uv": [8.5, 4, 7, 5], "texture": "#0"}
			}
		},
		{
			"from": [6.75, 4.9834, 5.64433],
			"to": [9.25, 10.4834, 7.14433],
			"rotation": {"angle": 22.5, "axis": "x", "origin": [8, 14, 6.24232]},
			"faces": {
				"north": {"uv": [7, 9.5, 8, 12], "texture": "#0"},
				"east": {"uv": [6.5, 9.5, 7, 12], "texture": "#0"},
				"south": {"uv": [8.5, 9.5, 9.5, 12], "texture": "#0"},
				"west": {"uv": [8, 9.5, 8.5, 12], "texture": "#0"},
				"up": {"uv": [8, 9.5, 7, 9], "texture": "#0"},
				"down": {"uv": [9, 9, 8, 9.5], "texture": "#0"}
			}
		},
		{
			"from": [6.25, 4.06995, -1.96976],
			"to": [9.75, 10.56995, 0.53024],
			"rotation": {"angle": -45, "axis": "x", "origin": [8, 14, 6.24232]},
			"faces": {
				"north": {"uv": [5.5, 1, 7, 4], "texture": "#0"},
				"east": {"uv": [4.5, 1, 5.5, 4], "texture": "#0"},
				"south": {"uv": [8, 1, 9.5, 4], "texture": "#0"},
				"west": {"uv": [7, 1, 8, 4], "texture": "#0"},
				"up": {"uv": [7, 1, 5.5, 0], "texture": "#0"},
				"down": {"uv": [8.5, 0, 7, 1], "texture": "#0"}
			}
		},
		{
			"from": [8.1, 11.5, 0],
			"to": [8.1, 16.5, 16],
			"rotation": {"angle": 0, "axis": "y", "origin": [8.05, 14, 3.75]},
			"faces": {
				"north": {"uv": [7.5, 13.5, 7.5, 16], "texture": "#0"},
				"east": {"uv": [-0.5, 13.5, 7.5, 16], "texture": "#0"},
				"south": {"uv": [15.5, 13.5, 15.5, 16], "texture": "#0"},
				"west": {"uv": [7.5, 13.5, 15.5, 16], "texture": "#0"},
				"up": {"uv": [7.5, 13.5, 7.5, 5.5], "texture": "#0"},
				"down": {"uv": [7.5, 5.5, 7.5, 13.5], "texture": "#0"}
			}
		},
		{
			"from": [7.4, 13.4, 3.9],
			"to": [8.6, 14.6, 14.1],
			"rotation": {"angle": 0, "axis": "y", "origin": [8.05, 14, 3.75]},
			"faces": {
				"north": {"uv": [10, 12.5, 10.5, 13], "texture": "#0"},
				"east": {"uv": [5, 12.5, 10, 13], "texture": "#0"},
				"south": {"uv": [15.5, 12.5, 16, 13], "texture": "#0"},
				"west": {"uv": [10.5, 12.5, 15.5, 13], "texture": "#0"},
				"up": {"uv": [10.5, 12.5, 10, 7.5], "texture": "#0"},
				"down": {"uv": [11, 7.5, 10.5, 12.5], "texture": "#0"}
			}
		}
	],
	"display": {
		"thirdperson_righthand": {
			"translation": [0, -8.25, 3.5]
		},
		"thirdperson_lefthand": {
			"translation": [0, -8.25, 3.5]
		},
		"firstperson_righthand": {
			"translation": [2.5, 0, 0]
		},
		"firstperson_lefthand": {
			"translation": [4.5, -0.5, 0]
		},
		"ground": {
			"scale": [0.75, 0.75, 0.75]
		},
		"gui": {
			"rotation": [90, 45, 90],
			"translation": [4, 2.75, 0],
			"scale": [0.8, 0.8, 0.8]
		},
		"fixed": {
			"rotation": [0, -90, 0],
			"translation": [-2.75, -4.5, 0],
			"scale": [0.75, 0.75, 0.75]
		}
	},
	"groups": [
		{
			"name": "BronzeBow",
			"origin": [8, 4, 6.75],
			"color": 0,
			"children": [
				{
					"name": "StringBottom",
					"origin": [8, 3.5, 8.5],
					"color": 0,
					"children": [0]
				},
				{
					"name": "StringTop",
					"origin": [-6, 0, 8],
					"color": 0,
					"children": [1]
				},
				2,
				3,
				4,
				5,
				6,
				7
			]
		},
		{
			"name": "arrow",
			"origin": [0, 0, 0],
			"color": 0,
			"children": [8, 9]
		}
	]
}
