{
	"credit": "Made with Blockbench",
	"ambientocclusion": false,
	"texture_size": [64, 64],
	"textures": {
		"0": "elitemobs:items/bronzesword",
		"particle": "elitemobs:items/bronzesword"
	},
	"elements": [
		{
			"from": [7, 2, 7],
			"to": [9, 10, 9],
			"rotation": {"angle": 0, "axis": "y", "origin": [8, 10.4375, 8]},
			"faces": {
				"north": {"uv": [4.75, 7.75, 5.25, 9.75], "texture": "#0"},
				"east": {"uv": [4.25, 7.75, 4.75, 9.75], "texture": "#0"},
				"south": {"uv": [5.75, 7.75, 6.25, 9.75], "texture": "#0"},
				"west": {"uv": [5.25, 7.75, 5.75, 9.75], "texture": "#0"},
				"up": {"uv": [5.25, 7.75, 4.75, 7.25], "texture": "#0"},
				"down": {"uv": [5.75, 7.25, 5.25, 7.75], "texture": "#0"}
			}
		},
		{
			"from": [7.25, 10.75, 5.75],
			"to": [8.75, 26.25, 10.25],
			"rotation": {"angle": 0, "axis": "y", "origin": [8, 10.4375, 8]},
			"faces": {
				"north": {"uv": [5.75, 1, 6, 4.75], "texture": "#0"},
				"east": {"uv": [4.75, 1, 5.75, 4.75], "texture": "#0"},
				"south": {"uv": [7, 1, 7.25, 4.75], "texture": "#0"},
				"west": {"uv": [6, 1, 7, 4.75], "texture": "#0"},
				"up": {"uv": [6, 1, 5.75, 0], "texture": "#0"},
				"down": {"uv": [6.25, 0, 6, 1], "texture": "#0"}
			}
		},
		{
			"from": [8, 8, 3.5],
			"to": [8, 29.75, 12.5],
			"rotation": {"angle": 0, "axis": "y", "origin": [8, 10.4375, 8]},
			"faces": {
				"north": {"uv": [2.25, 2.25, 2.25, 7.5], "texture": "#0"},
				"east": {"uv": [0, 2.25, 2.25, 7.5], "texture": "#0"},
				"south": {"uv": [4.5, 2.25, 4.5, 7.5], "texture": "#0"},
				"west": {"uv": [2.25, 2.25, 4.5, 7.5], "texture": "#0"},
				"up": {"uv": [2.25, 2.25, 2.25, 0], "texture": "#0"},
				"down": {"uv": [2.25, 0, 2.25, 2.25], "texture": "#0"}
			}
		},
		{
			"from": [6.5, 9, 5],
			"to": [9.5, 11, 11],
			"rotation": {"angle": 0, "axis": "y", "origin": [8, 10.4375, 8]},
			"faces": {
				"north": {"uv": [6.25, 6.5, 7, 7], "texture": "#0"},
				"east": {"uv": [4.75, 6.5, 6.25, 7], "texture": "#0"},
				"south": {"uv": [8.5, 6.5, 9.25, 7], "texture": "#0"},
				"west": {"uv": [7, 6.5, 8.5, 7], "texture": "#0"},
				"up": {"uv": [7, 6.5, 6.25, 5], "texture": "#0"},
				"down": {"uv": [7.75, 5, 7, 6.5], "texture": "#0"}
			}
		},
		{
			"from": [6.85, 3.85, 6.85],
			"to": [9.15, 9.15, 9.15],
			"rotation": {"angle": 0, "axis": "y", "origin": [8, 10.4375, 8]},
			"faces": {
				"north": {"uv": [0.5, 0.5, 1, 1.75], "texture": "#0"},
				"east": {"uv": [0, 0.5, 0.5, 1.75], "texture": "#0"},
				"south": {"uv": [1.5, 0.5, 2, 1.75], "texture": "#0"},
				"west": {"uv": [1, 0.5, 1.5, 1.75], "texture": "#0"},
				"up": {"uv": [1, 0.5, 0.5, 0], "texture": "#0"},
				"down": {"uv": [1.5, 0, 1, 0.5], "texture": "#0"}
			}
		},
		{
			"from": [6.75, 0.75, 6.75],
			"to": [9.25, 3.25, 9.25],
			"rotation": {"angle": 0, "axis": "y", "origin": [8, 10.4375, 8]},
			"faces": {
				"north": {"uv": [3, 0.5, 3.5, 1], "texture": "#0"},
				"east": {"uv": [2.5, 0.5, 3, 1], "texture": "#0"},
				"south": {"uv": [4, 0.5, 4.5, 1], "texture": "#0"},
				"west": {"uv": [3.5, 0.5, 4, 1], "texture": "#0"},
				"up": {"uv": [3.5, 0.5, 3, 0], "texture": "#0"},
				"down": {"uv": [4, 0, 3.5, 0.5], "texture": "#0"}
			}
		}
	],
	"display": {
		"thirdperson_righthand": {
			"translation": [0, 0, 0.5]
		},
		"firstperson_righthand": {
			"translation": [1.5, 0.5, 0],
			"scale": [0.9, 0.9, 0.9]
		},
		"firstperson_lefthand": {
			"translation": [1.5, 0.5, 0],
			"scale": [0.9, 0.9, 0.9]
		},
		"ground": {
			"translation": [0, 3.5, 0],
			"scale": [0.75, 0.75, 0.75]
		},
		"gui": {
			"rotation": [90, 45, -90],
			"translation": [-3.25, -3.5, 0],
			"scale": [0.65, 0.65, 0.65]
		},
		"fixed": {
			"rotation": [90, 45, -90],
			"translation": [-4.25, -4.5, 0],
			"scale": [0.8, 0.8, 0.8]
		},
		"on_shelf": {
			"rotation": [0, 90, 0],
			"scale": [0.7, 0.7, 0.7]
		}
	},
	"groups": [
		{
			"name": "BronzeSword",
			"origin": [14, 9, -2],
			"color": 0,
			"children": [0, 1, 2, 3, 4, 5]
		}
	]
}
