{
	"credit": "Made with Blockbench",
	"ambientocclusion": false,
	"texture_size": [64, 64],
	"textures": {
		"1": "elitemobs:items/corruptedtrident2"
	},
	"elements": [
		{
			"from": [7, -10, 6],
			"to": [9, 14, 8],
			"rotation": {"angle": 0, "axis": "y", "origin": [8, 6.5, 7]},
			"faces": {
				"north": {"uv": [9.75, 0.5, 10.25, 6.5], "texture": "#1"},
				"east": {"uv": [9.25, 0.5, 9.75, 6.5], "texture": "#1"},
				"south": {"uv": [10.75, 0.5, 11.25, 6.5], "texture": "#1"},
				"west": {"uv": [10.25, 0.5, 10.75, 6.5], "texture": "#1"},
				"up": {"uv": [10.25, 0.5, 9.75, 0], "texture": "#1"},
				"down": {"uv": [10.75, 0, 10.25, 0.5], "texture": "#1"}
			}
		},
		{
			"from": [6.75, 13.75, 3.25],
			"to": [9.25, 17.25, 6.75],
			"rotation": {"angle": 0, "axis": "y", "origin": [8, 6.5, 7]},
			"faces": {
				"north": {"uv": [12.25, 0.75, 12.75, 1.5], "texture": "#1"},
				"east": {"uv": [11.5, 0.75, 12.25, 1.5], "texture": "#1"},
				"south": {"uv": [13.5, 0.75, 14, 1.5], "texture": "#1"},
				"west": {"uv": [12.75, 0.75, 13.5, 1.5], "texture": "#1"},
				"up": {"uv": [12.75, 0.75, 12.25, 0], "texture": "#1"},
				"down": {"uv": [13.25, 0, 12.75, 0.75], "texture": "#1"}
			}
		},
		{
			"from": [7.25, 12.75, 2.25],
			"to": [8.75, 20.25, 4.75],
			"rotation": {"angle": 0, "axis": "y", "origin": [8, 6.5, 7]},
			"faces": {
				"north": {"uv": [12, 7.25, 12.25, 9], "texture": "#1"},
				"east": {"uv": [11.5, 7.25, 12, 9], "texture": "#1"},
				"south": {"uv": [12.75, 7.25, 13, 9], "texture": "#1"},
				"west": {"uv": [12.25, 7.25, 12.75, 9], "texture": "#1"},
				"up": {"uv": [12.25, 7.25, 12, 6.75], "texture": "#1"},
				"down": {"uv": [12.5, 6.75, 12.25, 7.25], "texture": "#1"}
			}
		},
		{
			"from": [8, -12, -2],
			"to": [8, 26, 16],
			"rotation": {"angle": 0, "axis": "y", "origin": [8, 6.5, 7]},
			"faces": {
				"north": {"uv": [4.5, 4.5, 4.5, 14], "texture": "#1"},
				"east": {"uv": [0, 4.5, 4.5, 14], "texture": "#1"},
				"south": {"uv": [9, 4.5, 9, 14], "texture": "#1"},
				"west": {"uv": [4.5, 4.5, 9, 14], "texture": "#1"},
				"up": {"uv": [4.5, 4.5, 4.5, 0], "texture": "#1"},
				"down": {"uv": [4.5, 0, 4.5, 4.5], "texture": "#1"}
			}
		},
		{
			"from": [7.25, 12.75, 9.25],
			"to": [8.75, 20.25, 11.75],
			"rotation": {"angle": 0, "axis": "y", "origin": [8, 6.5, 7]},
			"faces": {
				"north": {"uv": [12, 2.25, 12.25, 4], "texture": "#1"},
				"east": {"uv": [11.5, 2.25, 12, 4], "texture": "#1"},
				"south": {"uv": [12.75, 2.25, 13, 4], "texture": "#1"},
				"west": {"uv": [12.25, 2.25, 12.75, 4], "texture": "#1"},
				"up": {"uv": [12.25, 2.25, 12, 1.75], "texture": "#1"},
				"down": {"uv": [12.5, 1.75, 12.25, 2.25], "texture": "#1"}
			}
		},
		{
			"from": [6.75, 13.75, 7.25],
			"to": [9.25, 17.25, 10.75],
			"rotation": {"angle": 0, "axis": "y", "origin": [8, 6.5, 7]},
			"faces": {
				"north": {"uv": [10, 11.5, 10.5, 12.25], "texture": "#1"},
				"east": {"uv": [9.25, 11.5, 10, 12.25], "texture": "#1"},
				"south": {"uv": [11.25, 11.5, 11.75, 12.25], "texture": "#1"},
				"west": {"uv": [10.5, 11.5, 11.25, 12.25], "texture": "#1"},
				"up": {"uv": [10.5, 11.5, 10, 10.75], "texture": "#1"},
				"down": {"uv": [11, 10.75, 10.5, 11.5], "texture": "#1"}
			}
		},
		{
			"from": [6.75, -10.25, 5.75],
			"to": [9.25, 3.25, 8.25],
			"rotation": {"angle": 0, "axis": "y", "origin": [8, 6.5, 7]},
			"faces": {
				"north": {"uv": [9.75, 7.25, 10.25, 10.5], "texture": "#1"},
				"east": {"uv": [9.25, 7.25, 9.75, 10.5], "texture": "#1"},
				"south": {"uv": [10.75, 7.25, 11.25, 10.5], "texture": "#1"},
				"west": {"uv": [10.25, 7.25, 10.75, 10.5], "texture": "#1"},
				"up": {"uv": [10.25, 7.25, 9.75, 6.75], "texture": "#1"},
				"down": {"uv": [10.75, 6.75, 10.25, 7.25], "texture": "#1"}
			}
		},
		{
			"from": [6.5, 10, 5.5],
			"to": [9.5, 19, 8.5],
			"rotation": {"angle": 0, "axis": "y", "origin": [8, 6.5, 7]},
			"faces": {
				"north": {"uv": [5.5, 0.75, 6.25, 3], "texture": "#1"},
				"east": {"uv": [4.75, 0.75, 5.5, 3], "texture": "#1"},
				"south": {"uv": [7, 0.75, 7.75, 3], "texture": "#1"},
				"west": {"uv": [6.25, 0.75, 7, 3], "texture": "#1"},
				"up": {"uv": [6.25, 0.75, 5.5, 0], "texture": "#1"},
				"down": {"uv": [7, 0, 6.25, 0.75], "texture": "#1"}
			}
		},
		{
			"from": [6.35, 9.85, 5.35],
			"to": [9.65, 19.15, 8.65],
			"rotation": {"angle": 0, "axis": "y", "origin": [8, 6.5, 7]},
			"faces": {
				"north": {"uv": [0.75, 0.75, 1.5, 3], "texture": "#1"},
				"east": {"uv": [0, 0.75, 0.75, 3], "texture": "#1"},
				"south": {"uv": [2.25, 0.75, 3, 3], "texture": "#1"},
				"west": {"uv": [1.5, 0.75, 2.25, 3], "texture": "#1"},
				"up": {"uv": [1.5, 0.75, 0.75, 0], "texture": "#1"},
				"down": {"uv": [2.25, 0, 1.5, 0.75], "texture": "#1"}
			}
		}
	],
	"display": {
		"thirdperson_righthand": {
			"translation": [0, 1.25, 1.75]
		},
		"thirdperson_lefthand": {
			"translation": [0, 1.25, 1.5]
		},
		"firstperson_righthand": {
			"translation": [2.75, 3, 0]
		},
		"firstperson_lefthand": {
			"translation": [2.75, 3, 0]
		},
		"ground": {
			"translation": [0, 8.5, 0],
			"scale": [0.5, 0.5, 0.5]
		},
		"gui": {
			"rotation": [-90, -45, -90],
			"translation": [-0.75, 0, 0],
			"scale": [0.48, 0.48, 0.48]
		},
		"fixed": {
			"rotation": [-90, -45, -90],
			"translation": [-1, 0, -0.5],
			"scale": [0.6, 0.6, 0.6]
		},
		"on_shelf": {
			"rotation": [0, 90, 0]
		}
	},
	"groups": [
		{
			"name": "Trident",
			"origin": [0, 0, 0],
			"color": 0,
			"children": [0, 1, 2, 3, 4, 5, 6, 7, 8]
		}
	]
}
