{
	"credit": "Made with Blockbench",
	"ambientocclusion": false,
	"texture_size": [64, 64],
	"textures": {
		"0": "elitemobs:items/livingaxe",
		"particle": "elitemobs:items/livingaxe"
	},
	"elements": [
		{
			"from": [7.1, 0.1, 6.1],
			"to": [8.9, 11.9, 7.9],
			"faces": {
				"north": {"uv": [11.5, 3.75, 12, 6.75], "texture": "#0"},
				"east": {"uv": [11, 3.75, 11.5, 6.75], "texture": "#0"},
				"south": {"uv": [12.5, 3.75, 13, 6.75], "texture": "#0"},
				"west": {"uv": [12, 3.75, 12.5, 6.75], "texture": "#0"},
				"up": {"uv": [12, 3.75, 11.5, 3.25], "texture": "#0"},
				"down": {"uv": [12.5, 3.25, 12, 3.75], "texture": "#0"}
			}
		},
		{
			"from": [6.5, -3, 5.5],
			"to": [9.5, 3, 8.5],
			"faces": {
				"north": {"uv": [11.25, 7.75, 12, 9.25], "texture": "#0"},
				"east": {"uv": [10.5, 7.75, 11.25, 9.25], "texture": "#0"},
				"south": {"uv": [12.75, 7.75, 13.5, 9.25], "texture": "#0"},
				"west": {"uv": [12, 7.75, 12.75, 9.25], "texture": "#0"},
				"up": {"uv": [12, 7.75, 11.25, 7], "texture": "#0"},
				"down": {"uv": [12.75, 7, 12, 7.75], "texture": "#0"}
			}
		},
		{
			"from": [6.85, 1.85, 5.85],
			"to": [9.15, 12.15, 8.15],
			"faces": {
				"north": {"uv": [11.5, 10, 12, 12.5], "texture": "#0"},
				"east": {"uv": [11, 10, 11.5, 12.5], "texture": "#0"},
				"south": {"uv": [12.5, 10, 13, 12.5], "texture": "#0"},
				"west": {"uv": [12, 10, 12.5, 12.5], "texture": "#0"},
				"up": {"uv": [12, 10, 11.5, 9.5], "texture": "#0"},
				"down": {"uv": [12.5, 9.5, 12, 10], "texture": "#0"}
			}
		},
		{
			"from": [6.9, 12.9, 2.4],
			"to": [9.1, 18.1, 5.6],
			"faces": {
				"north": {"uv": [7.25, 13.5, 7.75, 14.75], "texture": "#0"},
				"east": {"uv": [6.5, 13.5, 7.25, 14.75], "texture": "#0"},
				"south": {"uv": [8.5, 13.5, 9, 14.75], "texture": "#0"},
				"west": {"uv": [7.75, 13.5, 8.5, 14.75], "texture": "#0"},
				"up": {"uv": [7.75, 13.5, 7.25, 12.75], "texture": "#0"},
				"down": {"uv": [8.25, 12.75, 7.75, 13.5], "texture": "#0"}
			}
		},
		{
			"from": [7.25, 11.25, -0.25],
			"to": [8.75, 19.75, 4.25],
			"faces": {
				"north": {"uv": [9.5, 1, 9.75, 3], "texture": "#0"},
				"east": {"uv": [8.5, 1, 9.5, 3], "texture": "#0"},
				"south": {"uv": [10.75, 1, 11, 3], "texture": "#0"},
				"west": {"uv": [9.75, 1, 10.75, 3], "texture": "#0"},
				"up": {"uv": [9.75, 1, 9.5, 0], "texture": "#0"},
				"down": {"uv": [10, 0, 9.75, 1], "texture": "#0"}
			}
		},
		{
			"from": [7.15, 11.15, -1.35],
			"to": [8.85, 19.85, 4.35],
			"faces": {
				"north": {"uv": [10.5, 14, 10.75, 16], "texture": "#0"},
				"east": {"uv": [9.25, 14, 10.5, 16], "texture": "#0"},
				"south": {"uv": [12, 14, 12.25, 16], "texture": "#0"},
				"west": {"uv": [10.75, 14, 12, 16], "texture": "#0"},
				"up": {"uv": [10.75, 14, 10.5, 12.75], "texture": "#0"},
				"down": {"uv": [11, 12.75, 10.75, 14], "texture": "#0"}
			}
		},
		{
			"from": [5.5, 15.75, 7.25],
			"to": [8, 18.25, 9.75],
			"faces": {
				"north": {"uv": [12, 13.25, 12.5, 13.75], "texture": "#0"},
				"east": {"uv": [11.5, 13.25, 12, 13.75], "texture": "#0"},
				"south": {"uv": [13, 13.25, 13.5, 13.75], "texture": "#0"},
				"west": {"uv": [12.5, 13.25, 13, 13.75], "texture": "#0"},
				"up": {"uv": [12.5, 13.25, 12, 12.75], "texture": "#0"},
				"down": {"uv": [13, 12.75, 12.5, 13.25], "texture": "#0"}
			}
		},
		{
			"from": [6, 13.5, 8.5],
			"to": [8, 15.5, 10.5],
			"faces": {
				"north": {"uv": [14.25, 8.75, 14.75, 9.25], "texture": "#0"},
				"east": {"uv": [13.75, 8.75, 14.25, 9.25], "texture": "#0"},
				"south": {"uv": [15.25, 8.75, 15.75, 9.25], "texture": "#0"},
				"west": {"uv": [14.75, 8.75, 15.25, 9.25], "texture": "#0"},
				"up": {"uv": [14.75, 8.75, 14.25, 8.25], "texture": "#0"},
				"down": {"uv": [15.25, 8.25, 14.75, 8.75], "texture": "#0"}
			}
		},
		{
			"from": [5.5, 14.5, 3.75],
			"to": [8.5, 17.5, 6.75],
			"faces": {
				"north": {"uv": [4, 14, 4.75, 14.75], "texture": "#0"},
				"east": {"uv": [3.25, 14, 4, 14.75], "texture": "#0"},
				"south": {"uv": [5.5, 14, 6.25, 14.75], "texture": "#0"},
				"west": {"uv": [4.75, 14, 5.5, 14.75], "texture": "#0"},
				"up": {"uv": [4.75, 14, 4, 13.25], "texture": "#0"},
				"down": {"uv": [5.5, 13.25, 4.75, 14], "texture": "#0"}
			}
		},
		{
			"from": [7.75, 12.5, 5.75],
			"to": [10.75, 15.5, 8.75],
			"rotation": {"angle": 0, "axis": "y", "origin": [16, 0, 0]},
			"faces": {
				"north": {"uv": [0.75, 14, 1.5, 14.75], "texture": "#0"},
				"east": {"uv": [0, 14, 0.75, 14.75], "texture": "#0"},
				"south": {"uv": [2.25, 14, 3, 14.75], "texture": "#0"},
				"west": {"uv": [1.5, 14, 2.25, 14.75], "texture": "#0"},
				"up": {"uv": [1.5, 14, 0.75, 13.25], "texture": "#0"},
				"down": {"uv": [2.25, 13.25, 1.5, 14], "texture": "#0"}
			}
		},
		{
			"from": [7.5, 14.75, 4.25],
			"to": [10, 17.25, 6.75],
			"rotation": {"angle": 0, "axis": "y", "origin": [16, 0, 0]},
			"faces": {
				"north": {"uv": [7.5, 3.75, 8, 4.25], "texture": "#0"},
				"east": {"uv": [7, 3.75, 7.5, 4.25], "texture": "#0"},
				"south": {"uv": [8.5, 3.75, 9, 4.25], "texture": "#0"},
				"west": {"uv": [8, 3.75, 8.5, 4.25], "texture": "#0"},
				"up": {"uv": [8, 3.75, 7.5, 3.25], "texture": "#0"},
				"down": {"uv": [8.5, 3.25, 8, 3.75], "texture": "#0"}
			}
		},
		{
			"from": [5.4, 14.4, 3.65],
			"to": [8.6, 17.6, 6.85],
			"faces": {
				"north": {"uv": [13.5, 0.75, 14.25, 1.5], "texture": "#0"},
				"east": {"uv": [12.75, 0.75, 13.5, 1.5], "texture": "#0"},
				"south": {"uv": [15, 0.75, 15.75, 1.5], "texture": "#0"},
				"west": {"uv": [14.25, 0.75, 15, 1.5], "texture": "#0"},
				"up": {"uv": [14.25, 0.75, 13.5, 0], "texture": "#0"},
				"down": {"uv": [15, 0, 14.25, 0.75], "texture": "#0"}
			}
		},
		{
			"from": [5.4, 15.65, 7.15],
			"to": [8.1, 18.35, 9.85],
			"faces": {
				"north": {"uv": [0.5, 3.5, 1, 4], "texture": "#0"},
				"east": {"uv": [0, 3.5, 0.5, 4], "texture": "#0"},
				"south": {"uv": [1.5, 3.5, 2, 4], "texture": "#0"},
				"west": {"uv": [1, 3.5, 1.5, 4], "texture": "#0"},
				"up": {"uv": [1, 3.5, 0.5, 3], "texture": "#0"},
				"down": {"uv": [1.5, 3, 1, 3.5], "texture": "#0"}
			}
		},
		{
			"from": [5.9, 13.4, 8.4],
			"to": [8.1, 15.6, 10.6],
			"faces": {
				"north": {"uv": [2.75, 3.5, 3.25, 4], "texture": "#0"},
				"east": {"uv": [2.25, 3.5, 2.75, 4], "texture": "#0"},
				"south": {"uv": [3.75, 3.5, 4.25, 4], "texture": "#0"},
				"west": {"uv": [3.25, 3.5, 3.75, 4], "texture": "#0"},
				"up": {"uv": [3.25, 3.5, 2.75, 3], "texture": "#0"},
				"down": {"uv": [3.75, 3, 3.25, 3.5], "texture": "#0"}
			}
		},
		{
			"from": [7.4, 14.65, 4.15],
			"to": [10.1, 17.35, 6.85],
			"rotation": {"angle": 0, "axis": "y", "origin": [16, 0, 0]},
			"faces": {
				"north": {"uv": [5.25, 3.5, 5.75, 4], "texture": "#0"},
				"east": {"uv": [4.75, 3.5, 5.25, 4], "texture": "#0"},
				"south": {"uv": [6.25, 3.5, 6.75, 4], "texture": "#0"},
				"west": {"uv": [5.75, 3.5, 6.25, 4], "texture": "#0"},
				"up": {"uv": [5.75, 3.5, 5.25, 3], "texture": "#0"},
				"down": {"uv": [6.25, 3, 5.75, 3.5], "texture": "#0"}
			}
		},
		{
			"from": [7.65, 12.4, 5.65],
			"to": [10.85, 15.6, 8.85],
			"rotation": {"angle": 0, "axis": "y", "origin": [16, 0, 0]},
			"faces": {
				"north": {"uv": [13.5, 2.5, 14.25, 3.25], "texture": "#0"},
				"east": {"uv": [12.75, 2.5, 13.5, 3.25], "texture": "#0"},
				"south": {"uv": [15, 2.5, 15.75, 3.25], "texture": "#0"},
				"west": {"uv": [14.25, 2.5, 15, 3.25], "texture": "#0"},
				"up": {"uv": [14.25, 2.5, 13.5, 1.75], "texture": "#0"},
				"down": {"uv": [15, 1.75, 14.25, 2.5], "texture": "#0"}
			}
		},
		{
			"from": [8, -8, -4],
			"to": [8, 24, 15],
			"faces": {
				"north": {"uv": [5, 4.5, 5, 12.5], "texture": "#0"},
				"east": {"uv": [0.25, 4.5, 5, 12.5], "texture": "#0"},
				"south": {"uv": [9.75, 4.5, 9.75, 12.5], "texture": "#0"},
				"west": {"uv": [5, 4.5, 9.75, 12.5], "texture": "#0"},
				"up": {"uv": [5, 4.5, 5, -0.25], "texture": "#0"},
				"down": {"uv": [5, -0.25, 5, 4.5], "texture": "#0"}
			}
		},
		{
			"from": [6.9, 13.9, 8.4],
			"to": [9.1, 17.1, 11.6],
			"rotation": {"angle": 0, "axis": "y", "origin": [0, 0, 16]},
			"faces": {
				"north": {"uv": [14, 12, 14.5, 12.75], "texture": "#0"},
				"east": {"uv": [13.25, 12, 14, 12.75], "texture": "#0"},
				"south": {"uv": [15.25, 12, 15.75, 12.75], "texture": "#0"},
				"west": {"uv": [14.5, 12, 15.25, 12.75], "texture": "#0"},
				"up": {"uv": [14.5, 12, 14, 11.25], "texture": "#0"},
				"down": {"uv": [15, 11.25, 14.5, 12], "texture": "#0"}
			}
		},
		{
			"from": [6.65, 12.65, 2.15],
			"to": [9.35, 18.35, 5.85],
			"faces": {
				"north": {"uv": [14, 4.25, 14.5, 5.5], "texture": "#0"},
				"east": {"uv": [13.25, 4.25, 14, 5.5], "texture": "#0"},
				"south": {"uv": [15.25, 4.25, 15.75, 5.5], "texture": "#0"},
				"west": {"uv": [14.5, 4.25, 15.25, 5.5], "texture": "#0"},
				"up": {"uv": [14.5, 4.25, 14, 3.5], "texture": "#0"},
				"down": {"uv": [15, 3.5, 14.5, 4.25], "texture": "#0"}
			}
		},
		{
			"from": [6.65, 13.65, 8.15],
			"to": [9.35, 17.35, 11.85],
			"rotation": {"angle": 0, "axis": "y", "origin": [0, 0, 16]},
			"faces": {
				"north": {"uv": [14, 10.25, 14.5, 11], "texture": "#0"},
				"east": {"uv": [13.25, 10.25, 14, 11], "texture": "#0"},
				"south": {"uv": [15.25, 10.25, 15.75, 11], "texture": "#0"},
				"west": {"uv": [14.5, 10.25, 15.25, 11], "texture": "#0"},
				"up": {"uv": [14.5, 10.25, 14, 9.5], "texture": "#0"},
				"down": {"uv": [15, 9.5, 14.5, 10.25], "texture": "#0"}
			}
		},
		{
			"from": [7.25, 12.75, 9.75],
			"to": [8.75, 18.25, 13.25],
			"rotation": {"angle": 0, "axis": "y", "origin": [0, 0, 16]},
			"faces": {
				"north": {"uv": [14.5, 6.5, 14.75, 7.75], "texture": "#0"},
				"east": {"uv": [13.75, 6.5, 14.5, 7.75], "texture": "#0"},
				"south": {"uv": [15.5, 6.5, 15.75, 7.75], "texture": "#0"},
				"west": {"uv": [14.75, 6.5, 15.5, 7.75], "texture": "#0"},
				"up": {"uv": [14.75, 6.5, 14.5, 5.75], "texture": "#0"},
				"down": {"uv": [15, 5.75, 14.75, 6.5], "texture": "#0"}
			}
		},
		{
			"from": [6.5, 12, 5],
			"to": [9.5, 19, 9],
			"faces": {
				"north": {"uv": [5.75, 1, 6.5, 2.75], "texture": "#0"},
				"east": {"uv": [4.75, 1, 5.75, 2.75], "texture": "#0"},
				"south": {"uv": [7.5, 1, 8.25, 2.75], "texture": "#0"},
				"west": {"uv": [6.5, 1, 7.5, 2.75], "texture": "#0"},
				"up": {"uv": [6.5, 1, 5.75, 0], "texture": "#0"},
				"down": {"uv": [7.25, 0, 6.5, 1], "texture": "#0"}
			}
		},
		{
			"from": [6.25, 11.75, 4.75],
			"to": [9.75, 19.25, 9.25],
			"faces": {
				"north": {"uv": [1, 1, 1.75, 2.75], "texture": "#0"},
				"east": {"uv": [0, 1, 1, 2.75], "texture": "#0"},
				"south": {"uv": [2.75, 1, 3.5, 2.75], "texture": "#0"},
				"west": {"uv": [1.75, 1, 2.75, 2.75], "texture": "#0"},
				"up": {"uv": [1.75, 1, 1, 0], "texture": "#0"},
				"down": {"uv": [2.5, 0, 1.75, 1], "texture": "#0"}
			}
		}
	],
	"display": {
		"thirdperson_righthand": {
			"translation": [0, 0, 1.25],
			"scale": [0.85, 0.85, 0.85]
		},
		"thirdperson_lefthand": {
			"translation": [0, -0.25, 1.25],
			"scale": [0.85, 0.85, 0.85]
		},
		"firstperson_righthand": {
			"translation": [4, 2.75, 0]
		},
		"firstperson_lefthand": {
			"translation": [4, 3.5, 0]
		},
		"ground": {
			"translation": [0, 4.75, 0],
			"scale": [0.55, 0.55, 0.55]
		},
		"gui": {
			"rotation": [-90, -60, -90],
			"translation": [-2.5, -1, 0],
			"scale": [0.58, 0.58, 0.58]
		},
		"fixed": {
			"rotation": [-90, -60, -90],
			"translation": [-3, -1.25, 0],
			"scale": [0.68, 0.68, 0.68]
		},
		"on_shelf": {
			"rotation": [0, 90, 0],
			"translation": [2, 0, 0]
		}
	},
	"groups": [
		{
			"name": "Axe",
			"origin": [0, 0, 0],
			"color": 0,
			"children": [0, 1, 2, 3, 4, 5, 6, 7, 8, 9, 10, 11, 12, 13, 14, 15, 16, 17, 18, 19, 20, 21, 22]
		}
	]
}
