{
	"credit": "Made with Blockbench",
	"ambientocclusion": false,
	"texture_size": [
		64,
		64
	],
	"textures": {
		"0": "elitemobs:items/ultimatiumbow",
		"particle": "elitemobs:items/ultimatiumbow"
	},
	"elements": [
		{
			"from": [
				7.25,
				6.25,
				3.75
			],
			"to": [
				8.75,
				7.75,
				16.25
			],
			"rotation": {
				"angle": 0,
				"axis": "y",
				"origin": [
					8,
					7,
					5.75
				]
			},
			"faces": {
				"north": {
					"uv": [
						9,
						15.75,
						9.25,
						16
					],
					"texture": "#0"
				},
				"east": {
					"uv": [
						6,
						15.75,
						9,
						16
					],
					"texture": "#0"
				},
				"south": {
					"uv": [
						12.25,
						15.75,
						12.5,
						16
					],
					"texture": "#0"
				},
				"west": {
					"uv": [
						9.25,
						15.75,
						12.25,
						16
					],
					"texture": "#0"
				},
				"up": {
					"uv": [
						9.25,
						15.75,
						9,
						12.75
					],
					"texture": "#0"
				},
				"down": {
					"uv": [
						9.5,
						12.75,
						9.25,
						15.75
					],
					"texture": "#0"
				}
			}
		},
		{
			"from": [
				8,
				5.5,
				1
			],
			"to": [
				8,
				8.5,
				17
			],
			"rotation": {
				"angle": 0,
				"axis": "y",
				"origin": [
					8,
					7,
					4.75
				]
			},
			"faces": {
				"north": {
					"uv": [
						4.25,
						14.75,
						4.25,
						15.5
					],
					"texture": "#0"
				},
				"east": {
					"uv": [
						0.25,
						14.75,
						4.25,
						15.5
					],
					"texture": "#0"
				},
				"south": {
					"uv": [
						8.25,
						14.75,
						8.25,
						15.5
					],
					"texture": "#0"
				},
				"west": {
					"uv": [
						4.25,
						14.75,
						8.25,
						15.5
					],
					"texture": "#0"
				},
				"up": {
					"uv": [
						4.25,
						14.75,
						4.25,
						10.75
					],
					"texture": "#0"
				},
				"down": {
					"uv": [
						4.25,
						10.75,
						4.25,
						14.75
					],
					"texture": "#0"
				}
			}
		},
		{
			"from": [
				7,
				3,
				5
			],
			"to": [
				9,
				11,
				7
			],
			"faces": {
				"north": {
					"uv": [
						14.25,
						11.25,
						14.75,
						13.25
					],
					"texture": "#0"
				},
				"east": {
					"uv": [
						13.75,
						11.25,
						14.25,
						13.25
					],
					"texture": "#0"
				},
				"south": {
					"uv": [
						15.25,
						11.25,
						15.75,
						13.25
					],
					"texture": "#0"
				},
				"west": {
					"uv": [
						14.75,
						11.25,
						15.25,
						13.25
					],
					"texture": "#0"
				},
				"up": {
					"uv": [
						14.75,
						11.25,
						14.25,
						10.75
					],
					"texture": "#0"
				},
				"down": {
					"uv": [
						15.25,
						10.75,
						14.75,
						11.25
					],
					"texture": "#0"
				}
			}
		},
		{
			"from": [
				6.75,
				2.75,
				4.75
			],
			"to": [
				9.25,
				11.25,
				7.25
			],
			"faces": {
				"north": {
					"uv": [
						14.25,
						2.25,
						14.75,
						4.25
					],
					"texture": "#0"
				},
				"east": {
					"uv": [
						13.75,
						2.25,
						14.25,
						4.25
					],
					"texture": "#0"
				},
				"south": {
					"uv": [
						15.25,
						2.25,
						15.75,
						4.25
					],
					"texture": "#0"
				},
				"west": {
					"uv": [
						14.75,
						2.25,
						15.25,
						4.25
					],
					"texture": "#0"
				},
				"up": {
					"uv": [
						14.75,
						2.25,
						14.25,
						1.75
					],
					"texture": "#0"
				},
				"down": {
					"uv": [
						15.25,
						1.75,
						14.75,
						2.25
					],
					"texture": "#0"
				}
			}
		},
		{
			"from": [
				6.5,
				10,
				3
			],
			"to": [
				9.5,
				12,
				8
			],
			"faces": {
				"north": {
					"uv": [
						11,
						4.5,
						11.75,
						5
					],
					"texture": "#0"
				},
				"east": {
					"uv": [
						9.75,
						4.5,
						11,
						5
					],
					"texture": "#0"
				},
				"south": {
					"uv": [
						13,
						4.5,
						13.75,
						5
					],
					"texture": "#0"
				},
				"west": {
					"uv": [
						11.75,
						4.5,
						13,
						5
					],
					"texture": "#0"
				},
				"up": {
					"uv": [
						11.75,
						4.5,
						11,
						3.25
					],
					"texture": "#0"
				},
				"down": {
					"uv": [
						12.5,
						3.25,
						11.75,
						4.5
					],
					"texture": "#0"
				}
			}
		},
		{
			"from": [
				7,
				14,
				8
			],
			"to": [
				9,
				22,
				10
			],
			"faces": {
				"north": {
					"uv": [
						12.5,
						13.5,
						13,
						15.5
					],
					"texture": "#0"
				},
				"east": {
					"uv": [
						12,
						13.5,
						12.5,
						15.5
					],
					"texture": "#0"
				},
				"south": {
					"uv": [
						13.5,
						13.5,
						14,
						15.5
					],
					"texture": "#0"
				},
				"west": {
					"uv": [
						13,
						13.5,
						13.5,
						15.5
					],
					"texture": "#0"
				},
				"up": {
					"uv": [
						13,
						13.5,
						12.5,
						13
					],
					"texture": "#0"
				},
				"down": {
					"uv": [
						13.5,
						13,
						13,
						13.5
					],
					"texture": "#0"
				}
			}
		},
		{
			"from": [
				6.75,
				13.75,
				7.75
			],
			"to": [
				9.25,
				22.25,
				10.25
			],
			"faces": {
				"north": {
					"uv": [
						10.25,
						13.5,
						10.75,
						15.5
					],
					"texture": "#0"
				},
				"east": {
					"uv": [
						9.75,
						13.5,
						10.25,
						15.5
					],
					"texture": "#0"
				},
				"south": {
					"uv": [
						11.25,
						13.5,
						11.75,
						15.5
					],
					"texture": "#0"
				},
				"west": {
					"uv": [
						10.75,
						13.5,
						11.25,
						15.5
					],
					"texture": "#0"
				},
				"up": {
					"uv": [
						10.75,
						13.5,
						10.25,
						13
					],
					"texture": "#0"
				},
				"down": {
					"uv": [
						11.25,
						13,
						10.75,
						13.5
					],
					"texture": "#0"
				}
			}
		},
		{
			"from": [
				6.25,
				7.75,
				2.75
			],
			"to": [
				9.75,
				17.25,
				5.25
			],
			"rotation": {
				"angle": 45,
				"axis": "x",
				"origin": [
					8,
					11,
					6
				]
			},
			"faces": {
				"north": {
					"uv": [
						10.25,
						8.75,
						11,
						11
					],
					"texture": "#0"
				},
				"east": {
					"uv": [
						9.75,
						8.75,
						10.25,
						11
					],
					"texture": "#0"
				},
				"south": {
					"uv": [
						11.5,
						8.75,
						12.25,
						11
					],
					"texture": "#0"
				},
				"west": {
					"uv": [
						11,
						8.75,
						11.5,
						11
					],
					"texture": "#0"
				},
				"up": {
					"uv": [
						11,
						8.75,
						10.25,
						8.25
					],
					"texture": "#0"
				},
				"down": {
					"uv": [
						11.75,
						8.25,
						11,
						8.75
					],
					"texture": "#0"
				}
			}
		},
		{
			"from": [
				6.5,
				21,
				6.75
			],
			"to": [
				9.5,
				23,
				10.75
			],
			"rotation": {
				"angle": 22.5,
				"axis": "x",
				"origin": [
					8,
					22,
					8.5
				]
			},
			"faces": {
				"north": {
					"uv": [
						13,
						1,
						13.75,
						1.5
					],
					"texture": "#0"
				},
				"east": {
					"uv": [
						12,
						1,
						13,
						1.5
					],
					"texture": "#0"
				},
				"south": {
					"uv": [
						14.75,
						1,
						15.5,
						1.5
					],
					"texture": "#0"
				},
				"west": {
					"uv": [
						13.75,
						1,
						14.75,
						1.5
					],
					"texture": "#0"
				},
				"up": {
					"uv": [
						13.75,
						1,
						13,
						0
					],
					"texture": "#0"
				},
				"down": {
					"uv": [
						14.5,
						0,
						13.75,
						1
					],
					"texture": "#0"
				}
			}
		},
		{
			"from": [
				6.25,
				20.75,
				6.5
			],
			"to": [
				9.75,
				23.25,
				14
			],
			"rotation": {
				"angle": 22.5,
				"axis": "x",
				"origin": [
					8,
					22,
					8.5
				]
			},
			"faces": {
				"north": {
					"uv": [
						10.25,
						2.5,
						11,
						3
					],
					"texture": "#0"
				},
				"east": {
					"uv": [
						8.5,
						2.5,
						10.25,
						3
					],
					"texture": "#0"
				},
				"south": {
					"uv": [
						12.75,
						2.5,
						13.5,
						3
					],
					"texture": "#0"
				},
				"west": {
					"uv": [
						11,
						2.5,
						12.75,
						3
					],
					"texture": "#0"
				},
				"up": {
					"uv": [
						11,
						2.5,
						10.25,
						0.75
					],
					"texture": "#0"
				},
				"down": {
					"uv": [
						11.75,
						0.75,
						11,
						2.5
					],
					"texture": "#0"
				}
			}
		},
		{
			"from": [
				6.5,
				2,
				3
			],
			"to": [
				9.5,
				4,
				8
			],
			"rotation": {
				"angle": 0,
				"axis": "y",
				"origin": [
					0,
					14,
					0
				]
			},
			"faces": {
				"north": {
					"uv": [
						6.25,
						3.75,
						7,
						4.25
					],
					"texture": "#0"
				},
				"east": {
					"uv": [
						5,
						3.75,
						6.25,
						4.25
					],
					"texture": "#0"
				},
				"south": {
					"uv": [
						8.25,
						3.75,
						9,
						4.25
					],
					"texture": "#0"
				},
				"west": {
					"uv": [
						7,
						3.75,
						8.25,
						4.25
					],
					"texture": "#0"
				},
				"up": {
					"uv": [
						7,
						3.75,
						6.25,
						2.5
					],
					"texture": "#0"
				},
				"down": {
					"uv": [
						7.75,
						2.5,
						7,
						3.75
					],
					"texture": "#0"
				}
			}
		},
		{
			"from": [
				6.3,
				1.8,
				2.8
			],
			"to": [
				9.7,
				4.2,
				9.2
			],
			"rotation": {
				"angle": 0,
				"axis": "y",
				"origin": [
					0,
					14,
					0
				]
			},
			"faces": {
				"north": {
					"uv": [
						1.5,
						3.75,
						2.25,
						4.25
					],
					"texture": "#0"
				},
				"east": {
					"uv": [
						0,
						3.75,
						1.5,
						4.25
					],
					"texture": "#0"
				},
				"south": {
					"uv": [
						3.75,
						3.75,
						4.5,
						4.25
					],
					"texture": "#0"
				},
				"west": {
					"uv": [
						2.25,
						3.75,
						3.75,
						4.25
					],
					"texture": "#0"
				},
				"up": {
					"uv": [
						2.25,
						3.75,
						1.5,
						2.25
					],
					"texture": "#0"
				},
				"down": {
					"uv": [
						3,
						2.25,
						2.25,
						3.75
					],
					"texture": "#0"
				}
			}
		},
		{
			"from": [
				8,
				-9,
				-2.5
			],
			"to": [
				8,
				23,
				16.5
			],
			"rotation": {
				"angle": 0,
				"axis": "y",
				"origin": [
					0,
					14,
					0
				]
			},
			"faces": {
				"north": {
					"uv": [
						4.75,
						5.5,
						4.75,
						13.5
					],
					"texture": "#0"
				},
				"east": {
					"uv": [
						0,
						5.5,
						4.75,
						13.5
					],
					"texture": "#0"
				},
				"south": {
					"uv": [
						9.5,
						5.5,
						9.5,
						13.5
					],
					"texture": "#0"
				},
				"west": {
					"uv": [
						4.75,
						5.5,
						9.5,
						13.5
					],
					"texture": "#0"
				},
				"up": {
					"uv": [
						4.75,
						5.5,
						4.75,
						0.75
					],
					"texture": "#0"
				},
				"down": {
					"uv": [
						4.75,
						0.75,
						4.75,
						5.5
					],
					"texture": "#0"
				}
			}
		},
		{
			"from": [
				7.9,
				6,
				12.5
			],
			"to": [
				7.9,
				20,
				13.5
			],
			"rotation": {
				"angle": -22.5,
				"axis": "x",
				"origin": [
					7.9,
					19.5,
					13
				]
			},
			"faces": {
				"north": {
					"uv": [
						15.75,
						4.5,
						15.75,
						8
					],
					"texture": "#0"
				},
				"east": {
					"uv": [
						15.5,
						4.5,
						15.75,
						8
					],
					"texture": "#0"
				},
				"south": {
					"uv": [
						16,
						4.5,
						16,
						8
					],
					"texture": "#0"
				},
				"west": {
					"uv": [
						15.75,
						4.5,
						16,
						8
					],
					"texture": "#0"
				},
				"up": {
					"uv": [
						15.75,
						4.5,
						15.75,
						4.25
					],
					"texture": "#0"
				},
				"down": {
					"uv": [
						15.75,
						4.25,
						15.75,
						4.5
					],
					"texture": "#0"
				}
			}
		},
		{
			"from": [
				7.9,
				-6,
				12.5
			],
			"to": [
				7.9,
				8,
				13.5
			],
			"rotation": {
				"angle": 22.5,
				"axis": "x",
				"origin": [
					7.9,
					-5.5,
					13
				]
			},
			"faces": {
				"north": {
					"uv": [
						15,
						4.5,
						15,
						8
					],
					"texture": "#0"
				},
				"east": {
					"uv": [
						14.75,
						4.5,
						15,
						8
					],
					"texture": "#0"
				},
				"south": {
					"uv": [
						15.25,
						4.5,
						15.25,
						8
					],
					"texture": "#0"
				},
				"west": {
					"uv": [
						15,
						4.5,
						15.25,
						8
					],
					"texture": "#0"
				},
				"up": {
					"uv": [
						15,
						4.5,
						15,
						4.25
					],
					"texture": "#0"
				},
				"down": {
					"uv": [
						15,
						4.25,
						15,
						4.5
					],
					"texture": "#0"
				}
			}
		},
		{
			"from": [
				6.3,
				9.8,
				2.8
			],
			"to": [
				9.7,
				12.2,
				9.2
			],
			"faces": {
				"north": {
					"uv": [
						1.5,
						1.5,
						2.25,
						2
					],
					"texture": "#0"
				},
				"east": {
					"uv": [
						0,
						1.5,
						1.5,
						2
					],
					"texture": "#0"
				},
				"south": {
					"uv": [
						3.75,
						1.5,
						4.5,
						2
					],
					"texture": "#0"
				},
				"west": {
					"uv": [
						2.25,
						1.5,
						3.75,
						2
					],
					"texture": "#0"
				},
				"up": {
					"uv": [
						2.25,
						1.5,
						1.5,
						0
					],
					"texture": "#0"
				},
				"down": {
					"uv": [
						3,
						0,
						2.25,
						1.5
					],
					"texture": "#0"
				}
			}
		},
		{
			"from": [
				6.25,
				-3.25,
				2.75
			],
			"to": [
				9.75,
				6.25,
				5.25
			],
			"rotation": {
				"angle": -45,
				"axis": "x",
				"origin": [
					8,
					3,
					6
				]
			},
			"faces": {
				"north": {
					"uv": [
						10.25,
						5.75,
						11,
						8
					],
					"texture": "#0"
				},
				"east": {
					"uv": [
						9.75,
						5.75,
						10.25,
						8
					],
					"texture": "#0"
				},
				"south": {
					"uv": [
						11.5,
						5.75,
						12.25,
						8
					],
					"texture": "#0"
				},
				"west": {
					"uv": [
						11,
						5.75,
						11.5,
						8
					],
					"texture": "#0"
				},
				"up": {
					"uv": [
						11,
						5.75,
						10.25,
						5.25
					],
					"texture": "#0"
				},
				"down": {
					"uv": [
						11.75,
						5.25,
						11,
						5.75
					],
					"texture": "#0"
				}
			}
		},
		{
			"from": [
				7,
				-8,
				8
			],
			"to": [
				9,
				0,
				10
			],
			"rotation": {
				"angle": 0,
				"axis": "y",
				"origin": [
					0,
					14,
					0
				]
			},
			"faces": {
				"north": {
					"uv": [
						13,
						8.5,
						13.5,
						10.5
					],
					"texture": "#0"
				},
				"east": {
					"uv": [
						12.5,
						8.5,
						13,
						10.5
					],
					"texture": "#0"
				},
				"south": {
					"uv": [
						14,
						8.5,
						14.5,
						10.5
					],
					"texture": "#0"
				},
				"west": {
					"uv": [
						13.5,
						8.5,
						14,
						10.5
					],
					"texture": "#0"
				},
				"up": {
					"uv": [
						13.5,
						8.5,
						13,
						8
					],
					"texture": "#0"
				},
				"down": {
					"uv": [
						14,
						8,
						13.5,
						8.5
					],
					"texture": "#0"
				}
			}
		},
		{
			"from": [
				6.75,
				-8.25,
				7.75
			],
			"to": [
				9.25,
				0.25,
				10.25
			],
			"rotation": {
				"angle": 0,
				"axis": "y",
				"origin": [
					0,
					14,
					0
				]
			},
			"faces": {
				"north": {
					"uv": [
						13,
						5.75,
						13.5,
						7.75
					],
					"texture": "#0"
				},
				"east": {
					"uv": [
						12.5,
						5.75,
						13,
						7.75
					],
					"texture": "#0"
				},
				"south": {
					"uv": [
						14,
						5.75,
						14.5,
						7.75
					],
					"texture": "#0"
				},
				"west": {
					"uv": [
						13.5,
						5.75,
						14,
						7.75
					],
					"texture": "#0"
				},
				"up": {
					"uv": [
						13.5,
						5.75,
						13,
						5.25
					],
					"texture": "#0"
				},
				"down": {
					"uv": [
						14,
						5.25,
						13.5,
						5.75
					],
					"texture": "#0"
				}
			}
		},
		{
			"from": [
				6.5,
				-9,
				6.75
			],
			"to": [
				9.5,
				-7,
				10.75
			],
			"rotation": {
				"angle": -22.5,
				"axis": "x",
				"origin": [
					8,
					-8,
					8.5
				]
			},
			"faces": {
				"north": {
					"uv": [
						10.75,
						12.25,
						11.5,
						12.75
					],
					"texture": "#0"
				},
				"east": {
					"uv": [
						9.75,
						12.25,
						10.75,
						12.75
					],
					"texture": "#0"
				},
				"south": {
					"uv": [
						12.5,
						12.25,
						13.25,
						12.75
					],
					"texture": "#0"
				},
				"west": {
					"uv": [
						11.5,
						12.25,
						12.5,
						12.75
					],
					"texture": "#0"
				},
				"up": {
					"uv": [
						11.5,
						12.25,
						10.75,
						11.25
					],
					"texture": "#0"
				},
				"down": {
					"uv": [
						12.25,
						11.25,
						11.5,
						12.25
					],
					"texture": "#0"
				}
			}
		},
		{
			"from": [
				6.25,
				-9.25,
				6.5
			],
			"to": [
				9.75,
				-6.75,
				14
			],
			"rotation": {
				"angle": -22.5,
				"axis": "x",
				"origin": [
					8,
					-8,
					8.5
				]
			},
			"faces": {
				"north": {
					"uv": [
						6.75,
						1.75,
						7.5,
						2.25
					],
					"texture": "#0"
				},
				"east": {
					"uv": [
						5,
						1.75,
						6.75,
						2.25
					],
					"texture": "#0"
				},
				"south": {
					"uv": [
						9.25,
						1.75,
						10,
						2.25
					],
					"texture": "#0"
				},
				"west": {
					"uv": [
						7.5,
						1.75,
						9.25,
						2.25
					],
					"texture": "#0"
				},
				"up": {
					"uv": [
						7.5,
						1.75,
						6.75,
						0
					],
					"texture": "#0"
				},
				"down": {
					"uv": [
						8.25,
						0,
						7.5,
						1.75
					],
					"texture": "#0"
				}
			}
		}
	],
	"display": {
		"gui": {
			"rotation": [
				90,
				45,
				90
			],
			"translation": [
				-1,
				0,
				0
			],
			"scale": [
				0.53,
				0.53,
				0.53
			]
		}
	},
	"groups": [
		{
			"name": "Bow",
			"origin": [
				8,
				-8,
				8.5
			],
			"color": 0,
			"children": [
				{
					"name": "arrow",
					"origin": [
						0,
						0,
						0
					],
					"color": 0,
					"children": [
						0,
						1
					]
				},
				2,
				3,
				4,
				5,
				6,
				7,
				8,
				9,
				10,
				11,
				12,
				{
					"name": "Up",
					"origin": [
						7.9,
						19.5,
						13
					],
					"color": 0,
					"children": [
						13
					]
				},
				{
					"name": "Down",
					"origin": [
						7.9,
						-5.5,
						13
					],
					"color": 0,
					"children": [
						14
					]
				},
				15,
				16,
				17,
				18,
				19,
				20
			]
		}
	]
}