{
	"credit": "Made with Blockbench",
	"ambientocclusion": false,
	"texture_size": [64, 64],
	"textures": {
		"0": "elitemobs:items/ultimatiumaxe",
		"particle": "elitemobs:items/ultimatiumaxe"
	},
	"elements": [
		{
			"from": [7, -8, 7],
			"to": [9, 7, 9],
			"rotation": {"angle": 0, "axis": "y", "origin": [8, -0.23097, 7.5]},
			"faces": {
				"north": {"uv": [14, 10.25, 14.5, 14], "texture": "#0"},
				"east": {"uv": [13.5, 10.25, 14, 14], "texture": "#0"},
				"south": {"uv": [15, 10.25, 15.5, 14], "texture": "#0"},
				"west": {"uv": [14.5, 10.25, 15, 14], "texture": "#0"},
				"up": {"uv": [14.5, 10.25, 14, 9.75], "texture": "#0"},
				"down": {"uv": [15, 9.75, 14.5, 10.25], "texture": "#0"}
			}
		},
		{
			"from": [6.75, -10.25, 6.75],
			"to": [9.25, 2.25, 9.25],
			"rotation": {"angle": 0, "axis": "y", "origin": [8, -0.23097, 7.5]},
			"faces": {
				"north": {"uv": [14, 6.5, 14.5, 9.5], "texture": "#0"},
				"east": {"uv": [13.5, 6.5, 14, 9.5], "texture": "#0"},
				"south": {"uv": [15, 6.5, 15.5, 9.5], "texture": "#0"},
				"west": {"uv": [14.5, 6.5, 15, 9.5], "texture": "#0"},
				"up": {"uv": [14.5, 6.5, 14, 6], "texture": "#0"},
				"down": {"uv": [15, 6, 14.5, 6.5], "texture": "#0"}
			}
		},
		{
			"from": [6.5, -10.48578, 2.41484],
			"to": [9.5, -8.48578, 6.41484],
			"rotation": {"angle": -22.5, "axis": "x", "origin": [8, -0.23097, 7.5]},
			"faces": {
				"north": {"uv": [6, 4, 6.75, 4.5], "texture": "#0"},
				"east": {"uv": [5, 4, 6, 4.5], "texture": "#0"},
				"south": {"uv": [7.75, 4, 8.5, 4.5], "texture": "#0"},
				"west": {"uv": [6.75, 4, 7.75, 4.5], "texture": "#0"},
				"up": {"uv": [6.75, 4, 6, 3], "texture": "#0"},
				"down": {"uv": [7.5, 3, 6.75, 4], "texture": "#0"}
			}
		},
		{
			"from": [7.25, 5.75, 0.5],
			"to": [8.75, 13.25, 6],
			"rotation": {"angle": 0, "axis": "y", "origin": [8, -0.23097, 7.5]},
			"faces": {
				"north": {"uv": [1.25, 1.25, 1.5, 3], "texture": "#0"},
				"east": {"uv": [0, 1.25, 1.25, 3], "texture": "#0"},
				"south": {"uv": [2.75, 1.25, 3, 3], "texture": "#0"},
				"west": {"uv": [1.5, 1.25, 2.75, 3], "texture": "#0"},
				"up": {"uv": [1.5, 1.25, 1.25, 0], "texture": "#0"},
				"down": {"uv": [1.75, 0, 1.5, 1.25], "texture": "#0"}
			}
		},
		{
			"from": [8, -14, -5],
			"to": [8, 18, 18],
			"rotation": {"angle": 0, "axis": "y", "origin": [8, -0.23097, 7.5]},
			"faces": {
				"north": {"uv": [6.5, 6, 6.5, 14], "texture": "#0"},
				"east": {"uv": [0.75, 6, 6.5, 14], "texture": "#0"},
				"south": {"uv": [12.25, 6, 12.25, 14], "texture": "#0"},
				"west": {"uv": [6.5, 6, 12.25, 14], "texture": "#0"},
				"up": {"uv": [6.5, 6, 6.5, 0.25], "texture": "#0"},
				"down": {"uv": [6.5, 0.25, 6.5, 6], "texture": "#0"}
			}
		},
		{
			"from": [7.25, 6.75, 10],
			"to": [8.75, 12.25, 13.5],
			"rotation": {"angle": 0, "axis": "y", "origin": [8, -0.23097, 7.5]},
			"faces": {
				"north": {"uv": [3.25, 3.25, 3.5, 4.5], "texture": "#0"},
				"east": {"uv": [2.5, 3.25, 3.25, 4.5], "texture": "#0"},
				"south": {"uv": [4.25, 3.25, 4.5, 4.5], "texture": "#0"},
				"west": {"uv": [3.5, 3.25, 4.25, 4.5], "texture": "#0"},
				"up": {"uv": [3.5, 3.25, 3.25, 2.5], "texture": "#0"},
				"down": {"uv": [3.75, 2.5, 3.5, 3.25], "texture": "#0"}
			}
		},
		{
			"from": [6.75, 4.75, 6.75],
			"to": [9.25, 12.25, 9.25],
			"rotation": {"angle": 0, "axis": "y", "origin": [8, -0.23097, 7.5]},
			"faces": {
				"north": {"uv": [11.25, 0.5, 11.75, 2.25], "texture": "#0"},
				"east": {"uv": [10.75, 0.5, 11.25, 2.25], "texture": "#0"},
				"south": {"uv": [12.25, 0.5, 12.75, 2.25], "texture": "#0"},
				"west": {"uv": [11.75, 0.5, 12.25, 2.25], "texture": "#0"},
				"up": {"uv": [11.75, 0.5, 11.25, 0], "texture": "#0"},
				"down": {"uv": [12.25, 0, 11.75, 0.5], "texture": "#0"}
			}
		},
		{
			"from": [6.4, 4.4, 6.4],
			"to": [9.6, 12.6, 9.6],
			"rotation": {"angle": 0, "axis": "y", "origin": [8, -0.23097, 7.5]},
			"faces": {
				"north": {"uv": [13.5, 3.75, 14.25, 5.75], "texture": "#0"},
				"east": {"uv": [12.75, 3.75, 13.5, 5.75], "texture": "#0"},
				"south": {"uv": [15, 3.75, 15.75, 5.75], "texture": "#0"},
				"west": {"uv": [14.25, 3.75, 15, 5.75], "texture": "#0"},
				"up": {"uv": [14.25, 3.75, 13.5, 3], "texture": "#0"},
				"down": {"uv": [15, 3, 14.25, 3.75], "texture": "#0"}
			}
		},
		{
			"from": [6.5, 8, 4],
			"to": [9.5, 11, 12],
			"rotation": {"angle": 0, "axis": "y", "origin": [8, -0.23097, 7.5]},
			"faces": {
				"north": {"uv": [7, 2, 7.75, 2.75], "texture": "#0"},
				"east": {"uv": [5, 2, 7, 2.75], "texture": "#0"},
				"south": {"uv": [9.75, 2, 10.5, 2.75], "texture": "#0"},
				"west": {"uv": [7.75, 2, 9.75, 2.75], "texture": "#0"},
				"up": {"uv": [7.75, 2, 7, 0], "texture": "#0"},
				"down": {"uv": [8.5, 0, 7.75, 2], "texture": "#0"}
			}
		}
	],
	"display": {
		"thirdperson_righthand": {
			"translation": [0, 6.75, 0.75],
			"scale": [0.8, 0.8, 0.8]
		},
		"thirdperson_lefthand": {
			"translation": [0, 6.25, 0.75],
			"scale": [0.8, 0.8, 0.8]
		},
		"firstperson_righthand": {
			"translation": [2, 10, 0]
		},
		"firstperson_lefthand": {
			"translation": [2, 10, 0]
		},
		"ground": {
			"translation": [0, 11.25, 0],
			"scale": [0.65, 0.65, 0.65]
		},
		"gui": {
			"rotation": [-90, -60, -90],
			"translation": [-0.75, 2, 0],
			"scale": [0.52, 0.52, 0.52]
		},
		"fixed": {
			"rotation": [-90, -60, -90],
			"translation": [-1.25, 2.5, 0],
			"scale": [0.6, 0.6, 0.6]
		},
		"on_shelf": {
			"rotation": [0, 90, 0],
			"scale": [0.7, 0.7, 0.7]
		}
	},
	"groups": [
		{
			"name": "Axe",
			"origin": [0, 0, 0],
			"color": 0,
			"children": [0, 1, 2, 3, 4, 5, 6, 7, 8]
		}
	]
}
