{
	"credit": "Made with Blockbench",
	"ambientocclusion": false,
	"texture_size": [128, 128],
	"textures": {
		"0": "elitemobs:items/livingtrident1",
		"particle": "elitemobs:items/livingtrident1"
	},
	"elements": [
		{
			"from": [7, -6, 6],
			"to": [9, 13, 8],
			"faces": {
				"north": {"uv": [4.625, 2.625, 4.875, 5], "texture": "#0"},
				"east": {"uv": [4.375, 2.625, 4.625, 5], "texture": "#0"},
				"south": {"uv": [5.125, 2.625, 5.375, 5], "texture": "#0"},
				"west": {"uv": [4.875, 2.625, 5.125, 5], "texture": "#0"},
				"up": {"uv": [4.875, 2.625, 4.625, 2.375], "texture": "#0"},
				"down": {"uv": [5.125, 2.375, 4.875, 2.625], "texture": "#0"}
			}
		},
		{
			"from": [6.5, -10, 5.5],
			"to": [9.5, -3, 8.5],
			"faces": {
				"north": {"uv": [5.875, 4.25, 6.25, 5.125], "texture": "#0"},
				"east": {"uv": [5.5, 4.25, 5.875, 5.125], "texture": "#0"},
				"south": {"uv": [6.625, 4.25, 7, 5.125], "texture": "#0"},
				"west": {"uv": [6.25, 4.25, 6.625, 5.125], "texture": "#0"},
				"up": {"uv": [6.25, 4.25, 5.875, 3.875], "texture": "#0"},
				"down": {"uv": [6.625, 3.875, 6.25, 4.25], "texture": "#0"}
			}
		},
		{
			"from": [6.75, -3.25, 5.75],
			"to": [9.25, 12.25, 8.25],
			"faces": {
				"north": {"uv": [4.625, 5.375, 4.875, 7.25], "texture": "#0"},
				"east": {"uv": [4.375, 5.375, 4.625, 7.25], "texture": "#0"},
				"south": {"uv": [5.125, 5.375, 5.375, 7.25], "texture": "#0"},
				"west": {"uv": [4.875, 5.375, 5.125, 7.25], "texture": "#0"},
				"up": {"uv": [4.875, 5.375, 4.625, 5.125], "texture": "#0"},
				"down": {"uv": [5.125, 5.125, 4.875, 5.375], "texture": "#0"}
			}
		},
		{
			"from": [8, -13, -1.5],
			"to": [8, 27, 15.5],
			"faces": {
				"north": {"uv": [2.125, 2.125, 2.125, 7.125], "texture": "#0"},
				"east": {"uv": [0, 2.125, 2.125, 7.125], "texture": "#0"},
				"south": {"uv": [4.25, 2.125, 4.25, 7.125], "texture": "#0"},
				"west": {"uv": [2.125, 2.125, 4.25, 7.125], "texture": "#0"},
				"up": {"uv": [2.125, 2.125, 2.125, 0], "texture": "#0"},
				"down": {"uv": [2.125, 0, 2.125, 2.125], "texture": "#0"}
			}
		},
		{
			"from": [6.8, 13.8, 2.3],
			"to": [9.2, 18.2, 11.7],
			"faces": {
				"north": {"uv": [5.5, 1.75, 5.75, 2.25], "texture": "#0"},
				"east": {"uv": [4.375, 1.75, 5.5, 2.25], "texture": "#0"},
				"south": {"uv": [6.875, 1.75, 7.125, 2.25], "texture": "#0"},
				"west": {"uv": [5.75, 1.75, 6.875, 2.25], "texture": "#0"},
				"up": {"uv": [5.75, 1.75, 5.5, 0.625], "texture": "#0"},
				"down": {"uv": [6, 0.625, 5.75, 1.75], "texture": "#0"}
			}
		},
		{
			"from": [6.75, 13.75, 1.75],
			"to": [9.25, 18.25, 12.25],
			"faces": {
				"north": {"uv": [3.375, 1.25, 3.625, 1.75], "texture": "#0"},
				"east": {"uv": [2.125, 1.25, 3.375, 1.75], "texture": "#0"},
				"south": {"uv": [4.875, 1.25, 5.125, 1.75], "texture": "#0"},
				"west": {"uv": [3.625, 1.25, 4.875, 1.75], "texture": "#0"},
				"up": {"uv": [3.625, 1.25, 3.375, 0], "texture": "#0"},
				"down": {"uv": [3.875, 0, 3.625, 1.25], "texture": "#0"}
			}
		},
		{
			"from": [7.25, 12.75, 1.25],
			"to": [8.75, 21.25, 3.75],
			"faces": {
				"north": {"uv": [0.25, 8.125, 0.375, 9.125], "texture": "#0"},
				"east": {"uv": [0, 8.125, 0.25, 9.125], "texture": "#0"},
				"south": {"uv": [0.625, 8.125, 0.75, 9.125], "texture": "#0"},
				"west": {"uv": [0.375, 8.125, 0.625, 9.125], "texture": "#0"},
				"up": {"uv": [0.375, 8.125, 0.25, 7.875], "texture": "#0"},
				"down": {"uv": [0.5, 7.875, 0.375, 8.125], "texture": "#0"}
			}
		},
		{
			"from": [7.25, 12.75, 10.25],
			"to": [8.75, 21.25, 12.75],
			"faces": {
				"north": {"uv": [7.125, 7, 7.25, 8], "texture": "#0"},
				"east": {"uv": [6.875, 7, 7.125, 8], "texture": "#0"},
				"south": {"uv": [7.5, 7, 7.625, 8], "texture": "#0"},
				"west": {"uv": [7.25, 7, 7.5, 8], "texture": "#0"},
				"up": {"uv": [7.25, 7, 7.125, 6.75], "texture": "#0"},
				"down": {"uv": [7.375, 6.75, 7.25, 7], "texture": "#0"}
			}
		},
		{
			"from": [7, 12.5, 10],
			"to": [9, 21.5, 14],
			"faces": {
				"north": {"uv": [8.25, 7, 8.5, 8.125], "texture": "#0"},
				"east": {"uv": [7.75, 7, 8.25, 8.125], "texture": "#0"},
				"south": {"uv": [9, 7, 9.25, 8.125], "texture": "#0"},
				"west": {"uv": [8.5, 7, 9, 8.125], "texture": "#0"},
				"up": {"uv": [8.5, 7, 8.25, 6.5], "texture": "#0"},
				"down": {"uv": [8.75, 6.5, 8.5, 7], "texture": "#0"}
			}
		},
		{
			"from": [7, 12.5, 0],
			"to": [9, 21.5, 4],
			"rotation": {"angle": 0, "axis": "y", "origin": [0, 0, 16]},
			"faces": {
				"north": {"uv": [8.5, 5.25, 8.75, 6.375], "texture": "#0"},
				"east": {"uv": [8, 5.25, 8.5, 6.375], "texture": "#0"},
				"south": {"uv": [9.25, 5.25, 9.5, 6.375], "texture": "#0"},
				"west": {"uv": [8.75, 5.25, 9.25, 6.375], "texture": "#0"},
				"up": {"uv": [8.75, 5.25, 8.5, 4.75], "texture": "#0"},
				"down": {"uv": [9, 4.75, 8.75, 5.25], "texture": "#0"}
			}
		},
		{
			"from": [6.9, 18.9, 5.4],
			"to": [9.1, 24.1, 8.6],
			"faces": {
				"north": {"uv": [0.875, 9.25, 1.125, 9.875], "texture": "#0"},
				"east": {"uv": [0.5, 9.25, 0.875, 9.875], "texture": "#0"},
				"south": {"uv": [1.5, 9.25, 1.75, 9.875], "texture": "#0"},
				"west": {"uv": [1.125, 9.25, 1.5, 9.875], "texture": "#0"},
				"up": {"uv": [1.125, 9.25, 0.875, 8.875], "texture": "#0"},
				"down": {"uv": [1.375, 8.875, 1.125, 9.25], "texture": "#0"}
			}
		},
		{
			"from": [7.25, 18.75, 5.75],
			"to": [8.75, 24.25, 8.25],
			"faces": {
				"north": {"uv": [2.5, 0.25, 2.625, 0.875], "texture": "#0"},
				"east": {"uv": [2.25, 0.25, 2.5, 0.875], "texture": "#0"},
				"south": {"uv": [2.875, 0.25, 3, 0.875], "texture": "#0"},
				"west": {"uv": [2.625, 0.25, 2.875, 0.875], "texture": "#0"},
				"up": {"uv": [2.625, 0.25, 2.5, 0], "texture": "#0"},
				"down": {"uv": [2.75, 0, 2.625, 0.25], "texture": "#0"}
			}
		},
		{
			"from": [6.5, 11, 5.5],
			"to": [9.5, 19, 8.5],
			"faces": {
				"north": {"uv": [5.875, 2.75, 6.25, 3.75], "texture": "#0"},
				"east": {"uv": [5.5, 2.75, 5.875, 3.75], "texture": "#0"},
				"south": {"uv": [6.625, 2.75, 7, 3.75], "texture": "#0"},
				"west": {"uv": [6.25, 2.75, 6.625, 3.75], "texture": "#0"},
				"up": {"uv": [6.25, 2.75, 5.875, 2.375], "texture": "#0"},
				"down": {"uv": [6.625, 2.375, 6.25, 2.75], "texture": "#0"}
			}
		},
		{
			"from": [6.25, 10.75, 5.25],
			"to": [9.75, 19.25, 8.75],
			"faces": {
				"north": {"uv": [0.375, 0.375, 0.75, 1.375], "texture": "#0"},
				"east": {"uv": [0, 0.375, 0.375, 1.375], "texture": "#0"},
				"south": {"uv": [1.125, 0.375, 1.5, 1.375], "texture": "#0"},
				"west": {"uv": [0.75, 0.375, 1.125, 1.375], "texture": "#0"},
				"up": {"uv": [0.75, 0.375, 0.375, 0], "texture": "#0"},
				"down": {"uv": [1.125, 0, 0.75, 0.375], "texture": "#0"}
			}
		},
		{
			"from": [5.15, 15.65, 3.4],
			"to": [8.35, 18.85, 6.6],
			"faces": {
				"north": {"uv": [5.875, 6.5, 6.25, 6.875], "texture": "#0"},
				"east": {"uv": [5.5, 6.5, 5.875, 6.875], "texture": "#0"},
				"south": {"uv": [6.625, 6.5, 7, 6.875], "texture": "#0"},
				"west": {"uv": [6.25, 6.5, 6.625, 6.875], "texture": "#0"},
				"up": {"uv": [6.25, 6.5, 5.875, 6.125], "texture": "#0"},
				"down": {"uv": [6.625, 6.125, 6.25, 6.5], "texture": "#0"}
			}
		},
		{
			"from": [5.25, 15.75, 3.5],
			"to": [8.25, 18.75, 6.5],
			"faces": {
				"north": {"uv": [6.5, 0.375, 6.875, 0.75], "texture": "#0"},
				"east": {"uv": [6.125, 0.375, 6.5, 0.75], "texture": "#0"},
				"south": {"uv": [7.25, 0.375, 7.625, 0.75], "texture": "#0"},
				"west": {"uv": [6.875, 0.375, 7.25, 0.75], "texture": "#0"},
				"up": {"uv": [6.875, 0.375, 6.5, 0], "texture": "#0"},
				"down": {"uv": [7.25, 0, 6.875, 0.375], "texture": "#0"}
			}
		},
		{
			"from": [7.5, 14.5, 4.75],
			"to": [10.5, 17.5, 7.75],
			"faces": {
				"north": {"uv": [6.5, 1.25, 6.875, 1.625], "texture": "#0"},
				"east": {"uv": [6.125, 1.25, 6.5, 1.625], "texture": "#0"},
				"south": {"uv": [7.25, 1.25, 7.625, 1.625], "texture": "#0"},
				"west": {"uv": [6.875, 1.25, 7.25, 1.625], "texture": "#0"},
				"up": {"uv": [6.875, 1.25, 6.5, 0.875], "texture": "#0"},
				"down": {"uv": [7.25, 0.875, 6.875, 1.25], "texture": "#0"}
			}
		},
		{
			"from": [7.4, 14.4, 4.65],
			"to": [10.6, 17.6, 7.85],
			"faces": {
				"north": {"uv": [5.875, 5.625, 6.25, 6], "texture": "#0"},
				"east": {"uv": [5.5, 5.625, 5.875, 6], "texture": "#0"},
				"south": {"uv": [6.625, 5.625, 7, 6], "texture": "#0"},
				"west": {"uv": [6.25, 5.625, 6.625, 6], "texture": "#0"},
				"up": {"uv": [6.25, 5.625, 5.875, 5.25], "texture": "#0"},
				"down": {"uv": [6.625, 5.25, 6.25, 5.625], "texture": "#0"}
			}
		},
		{
			"from": [8, 16.5, 7.5],
			"to": [10, 18.5, 9.5],
			"faces": {
				"north": {"uv": [2.25, 8.125, 2.5, 8.375], "texture": "#0"},
				"east": {"uv": [2, 8.125, 2.25, 8.375], "texture": "#0"},
				"south": {"uv": [2.75, 8.125, 3, 8.375], "texture": "#0"},
				"west": {"uv": [2.5, 8.125, 2.75, 8.375], "texture": "#0"},
				"up": {"uv": [2.5, 8.125, 2.25, 7.875], "texture": "#0"},
				"down": {"uv": [2.75, 7.875, 2.5, 8.125], "texture": "#0"}
			}
		},
		{
			"from": [8, 15, 3],
			"to": [10, 17, 5],
			"faces": {
				"north": {"uv": [1.125, 8.125, 1.375, 8.375], "texture": "#0"},
				"east": {"uv": [0.875, 8.125, 1.125, 8.375], "texture": "#0"},
				"south": {"uv": [1.625, 8.125, 1.875, 8.375], "texture": "#0"},
				"west": {"uv": [1.375, 8.125, 1.625, 8.375], "texture": "#0"},
				"up": {"uv": [1.375, 8.125, 1.125, 7.875], "texture": "#0"},
				"down": {"uv": [1.625, 7.875, 1.375, 8.125], "texture": "#0"}
			}
		},
		{
			"from": [5.75, 14.5, 5.5],
			"to": [7.75, 16.5, 7.5],
			"rotation": {"angle": 0, "axis": "y", "origin": [0, 0, 16]},
			"faces": {
				"north": {"uv": [7.25, 2.375, 7.5, 2.625], "texture": "#0"},
				"east": {"uv": [7, 2.375, 7.25, 2.625], "texture": "#0"},
				"south": {"uv": [7.75, 2.375, 8, 2.625], "texture": "#0"},
				"west": {"uv": [7.5, 2.375, 7.75, 2.625], "texture": "#0"},
				"up": {"uv": [7.5, 2.375, 7.25, 2.125], "texture": "#0"},
				"down": {"uv": [7.75, 2.125, 7.5, 2.375], "texture": "#0"}
			}
		},
		{
			"from": [5.25, 14.75, 8.25],
			"to": [7.75, 17.25, 10.75],
			"rotation": {"angle": 0, "axis": "y", "origin": [0, 0, 16]},
			"faces": {
				"north": {"uv": [7.125, 6.125, 7.375, 6.375], "texture": "#0"},
				"east": {"uv": [6.875, 6.125, 7.125, 6.375], "texture": "#0"},
				"south": {"uv": [7.625, 6.125, 7.875, 6.375], "texture": "#0"},
				"west": {"uv": [7.375, 6.125, 7.625, 6.375], "texture": "#0"},
				"up": {"uv": [7.375, 6.125, 7.125, 5.875], "texture": "#0"},
				"down": {"uv": [7.625, 5.875, 7.375, 6.125], "texture": "#0"}
			}
		},
		{
			"from": [5.65, 14.4, 5.4],
			"to": [7.85, 16.6, 7.6],
			"rotation": {"angle": 0, "axis": "y", "origin": [0, 0, 16]},
			"faces": {
				"north": {"uv": [0.25, 1.75, 0.5, 2], "texture": "#0"},
				"east": {"uv": [0, 1.75, 0.25, 2], "texture": "#0"},
				"south": {"uv": [0.75, 1.75, 1, 2], "texture": "#0"},
				"west": {"uv": [0.5, 1.75, 0.75, 2], "texture": "#0"},
				"up": {"uv": [0.5, 1.75, 0.25, 1.5], "texture": "#0"},
				"down": {"uv": [0.75, 1.5, 0.5, 1.75], "texture": "#0"}
			}
		},
		{
			"from": [5.15, 14.65, 8.15],
			"to": [7.85, 17.35, 10.85],
			"rotation": {"angle": 0, "axis": "y", "origin": [0, 0, 16]},
			"faces": {
				"north": {"uv": [4.25, 0.25, 4.5, 0.5], "texture": "#0"},
				"east": {"uv": [4, 0.25, 4.25, 0.5], "texture": "#0"},
				"south": {"uv": [4.75, 0.25, 5, 0.5], "texture": "#0"},
				"west": {"uv": [4.5, 0.25, 4.75, 0.5], "texture": "#0"},
				"up": {"uv": [4.5, 0.25, 4.25, 0], "texture": "#0"},
				"down": {"uv": [4.75, 0, 4.5, 0.25], "texture": "#0"}
			}
		},
		{
			"from": [7.9, 14.9, 2.9],
			"to": [10.1, 17.1, 5.1],
			"faces": {
				"north": {"uv": [7.125, 3.875, 7.375, 4.125], "texture": "#0"},
				"east": {"uv": [6.875, 3.875, 7.125, 4.125], "texture": "#0"},
				"south": {"uv": [7.625, 3.875, 7.875, 4.125], "texture": "#0"},
				"west": {"uv": [7.375, 3.875, 7.625, 4.125], "texture": "#0"},
				"up": {"uv": [7.375, 3.875, 7.125, 3.625], "texture": "#0"},
				"down": {"uv": [7.625, 3.625, 7.375, 3.875], "texture": "#0"}
			}
		},
		{
			"from": [7.9, 16.4, 7.4],
			"to": [10.1, 18.6, 9.6],
			"faces": {
				"north": {"uv": [7.125, 5.25, 7.375, 5.5], "texture": "#0"},
				"east": {"uv": [6.875, 5.25, 7.125, 5.5], "texture": "#0"},
				"south": {"uv": [7.625, 5.25, 7.875, 5.5], "texture": "#0"},
				"west": {"uv": [7.375, 5.25, 7.625, 5.5], "texture": "#0"},
				"up": {"uv": [7.375, 5.25, 7.125, 5], "texture": "#0"},
				"down": {"uv": [7.625, 5, 7.375, 5.25], "texture": "#0"}
			}
		}
	],
	"display": {
		"thirdperson_righthand": {
			"translation": [0, 3, 1.75]
		},
		"thirdperson_lefthand": {
			"translation": [0, 3, 1.75]
		},
		"firstperson_righthand": {
			"translation": [0, 1.25, 0]
		},
		"firstperson_lefthand": {
			"translation": [0, 1.25, 0]
		},
		"ground": {
			"translation": [0, 9.75, 0],
			"scale": [0.5, 0.5, 0.5]
		},
		"gui": {
			"rotation": [-90, -45, -90],
			"translation": [-0.5, 0.25, 0],
			"scale": [0.47, 0.47, 0.47]
		},
		"fixed": {
			"rotation": [-90, -45, -90],
			"translation": [-0.75, 0.25, 0],
			"scale": [0.58, 0.58, 0.58]
		},
		"on_shelf": {
			"rotation": [0, 90, 0]
		}
	},
	"groups": [
		{
			"name": "Trident",
			"origin": [0, 0, 0],
			"color": 0,
			"children": [0, 1, 2, 3, 4, 5, 6, 7, 8, 9, 10, 11, 12, 13, 14, 15, 16, 17, 18, 19, 20, 21, 22, 23, 24, 25]
		}
	]
}
