{
	"credit": "Made with Blockbench",
	"ambientocclusion": false,
	"texture_size": [64, 64],
	"textures": {
		"0": "elitemobs:items/ancientpalladiumaxe",
		"particle": "elitemobs:items/ancientpalladiumaxe"
	},
	"elements": [
		{
			"from": [7, 3, 7],
			"to": [9, 15, 9],
			"faces": {
				"north": {"uv": [9, 9.25, 9.5, 12.25], "texture": "#0"},
				"east": {"uv": [8.5, 9.25, 9, 12.25], "texture": "#0"},
				"south": {"uv": [10, 9.25, 10.5, 12.25], "texture": "#0"},
				"west": {"uv": [9.5, 9.25, 10, 12.25], "texture": "#0"},
				"up": {"uv": [9.5, 9.25, 9, 8.75], "texture": "#0"},
				"down": {"uv": [10, 8.75, 9.5, 9.25], "texture": "#0"}
			}
		},
		{
			"from": [6.75, 4.75, 6.75],
			"to": [9.25, 15.25, 9.25],
			"faces": {
				"north": {"uv": [10.75, 5.25, 11.25, 7.75], "texture": "#0"},
				"east": {"uv": [10.25, 5.25, 10.75, 7.75], "texture": "#0"},
				"south": {"uv": [11.75, 5.25, 12.25, 7.75], "texture": "#0"},
				"west": {"uv": [11.25, 5.25, 11.75, 7.75], "texture": "#0"},
				"up": {"uv": [11.25, 5.25, 10.75, 4.75], "texture": "#0"},
				"down": {"uv": [11.75, 4.75, 11.25, 5.25], "texture": "#0"}
			}
		},
		{
			"from": [6.5, -1, 6.5],
			"to": [9.5, 4, 9.5],
			"faces": {
				"north": {"uv": [10.25, 0.75, 11, 2], "texture": "#0"},
				"east": {"uv": [9.5, 0.75, 10.25, 2], "texture": "#0"},
				"south": {"uv": [11.75, 0.75, 12.5, 2], "texture": "#0"},
				"west": {"uv": [11, 0.75, 11.75, 2], "texture": "#0"},
				"up": {"uv": [11, 0.75, 10.25, 0], "texture": "#0"},
				"down": {"uv": [11.75, 0, 11, 0.75], "texture": "#0"}
			}
		},
		{
			"from": [6.25, 14.25, 6.25],
			"to": [9.75, 21.75, 9.75],
			"faces": {
				"north": {"uv": [1, 9.75, 2, 11.75], "texture": "#0"},
				"east": {"uv": [0, 9.75, 1, 11.75], "texture": "#0"},
				"south": {"uv": [3, 9.75, 4, 11.75], "texture": "#0"},
				"west": {"uv": [2, 9.75, 3, 11.75], "texture": "#0"},
				"up": {"uv": [2, 9.75, 1, 8.75], "texture": "#0"},
				"down": {"uv": [3, 8.75, 2, 9.75], "texture": "#0"}
			}
		},
		{
			"from": [6.1, 14.1, 6.1],
			"to": [9.9, 21.9, 9.9],
			"faces": {
				"north": {"uv": [1, 1, 2, 3], "texture": "#0"},
				"east": {"uv": [0, 1, 1, 3], "texture": "#0"},
				"south": {"uv": [3, 1, 4, 3], "texture": "#0"},
				"west": {"uv": [2, 1, 3, 3], "texture": "#0"},
				"up": {"uv": [2, 1, 1, 0], "texture": "#0"},
				"down": {"uv": [3, 0, 2, 1], "texture": "#0"}
			}
		},
		{
			"from": [6, 16.5, 4],
			"to": [10, 19.5, 8],
			"faces": {
				"north": {"uv": [5.25, 9.75, 6.25, 10.5], "texture": "#0"},
				"east": {"uv": [4.25, 9.75, 5.25, 10.5], "texture": "#0"},
				"south": {"uv": [7.25, 9.75, 8.25, 10.5], "texture": "#0"},
				"west": {"uv": [6.25, 9.75, 7.25, 10.5], "texture": "#0"},
				"up": {"uv": [6.25, 9.75, 5.25, 8.75], "texture": "#0"},
				"down": {"uv": [7.25, 8.75, 6.25, 9.75], "texture": "#0"}
			}
		},
		{
			"from": [7, 15, 2],
			"to": [9, 21, 14],
			"faces": {
				"north": {"uv": [8.25, 3, 8.75, 4.5], "texture": "#0"},
				"east": {"uv": [5.25, 3, 8.25, 4.5], "texture": "#0"},
				"south": {"uv": [11.75, 3, 12.25, 4.5], "texture": "#0"},
				"west": {"uv": [8.75, 3, 11.75, 4.5], "texture": "#0"},
				"up": {"uv": [8.75, 3, 8.25, 0], "texture": "#0"},
				"down": {"uv": [9.25, 0, 8.75, 3], "texture": "#0"}
			}
		},
		{
			"from": [8, 11, -2],
			"to": [8, 25, 18],
			"faces": {
				"north": {"uv": [5, 5, 5, 8.5], "texture": "#0"},
				"east": {"uv": [0, 5, 5, 8.5], "texture": "#0"},
				"south": {"uv": [10, 5, 10, 8.5], "texture": "#0"},
				"west": {"uv": [5, 5, 10, 8.5], "texture": "#0"},
				"up": {"uv": [5, 5, 5, 0], "texture": "#0"},
				"down": {"uv": [5, 0, 5, 5], "texture": "#0"}
			}
		}
	],
	"display": {
		"thirdperson_righthand": {
			"translation": [0, -0.25, 1]
		},
		"thirdperson_lefthand": {
			"translation": [0, -0.25, 1]
		},
		"firstperson_righthand": {
			"translation": [2.75, 0.25, -1.25]
		},
		"firstperson_lefthand": {
			"translation": [4.75, 1, -1.25]
		},
		"ground": {
			"translation": [0, 6.25, 0]
		},
		"gui": {
			"rotation": [-90, -60, -90],
			"translation": [-2.5, -2, 0],
			"scale": [0.6, 0.6, 0.6]
		},
		"fixed": {
			"rotation": [-90, -60, -90],
			"translation": [-2.75, -2.5, -0.25],
			"scale": [0.75, 0.75, 0.75]
		},
		"on_shelf": {
			"rotation": [0, 90, 0],
			"translation": [0.5, 0, 0]
		}
	},
	"groups": [
		{
			"name": "Axe",
			"origin": [0, 0, 0],
			"color": 0,
			"children": [0, 1, 2, 3, 4, 5, 6, 7]
		}
	]
}
