{
	"credit": "Made with Blockbench",
	"ambientocclusion": false,
	"texture_size": [128, 128],
	"textures": {
		"0": "elitemobs:items/livinghelmet",
		"particle": "elitemobs:items/livinghelmet"
	},
	"elements": [
		{
			"from": [3.25, 7.75, 3.25],
			"to": [12.75, 17.25, 12.75],
			"faces": {
				"north": {"uv": [5.125, 2.625, 6.25, 3.75], "texture": "#0"},
				"east": {"uv": [4, 2.625, 5.125, 3.75], "texture": "#0"},
				"south": {"uv": [7.375, 2.625, 8.5, 3.75], "texture": "#0"},
				"west": {"uv": [6.25, 2.625, 7.375, 3.75], "texture": "#0"},
				"up": {"uv": [6.25, 2.625, 5.125, 1.5], "texture": "#0"},
				"down": {"uv": [7.375, 1.5, 6.25, 2.625], "texture": "#0"}
			}
		},
		{
			"from": [3, 7.5, 3],
			"to": [13, 17.5, 13],
			"faces": {
				"north": {"uv": [1.25, 3.875, 2.5, 5.125], "texture": "#0"},
				"east": {"uv": [0, 3.875, 1.25, 5.125], "texture": "#0"},
				"south": {"uv": [3.75, 3.875, 5, 5.125], "texture": "#0"},
				"west": {"uv": [2.5, 3.875, 3.75, 5.125], "texture": "#0"},
				"up": {"uv": [2.5, 3.875, 1.25, 2.625], "texture": "#0"},
				"down": {"uv": [3.75, 2.625, 2.5, 3.875], "texture": "#0"}
			}
		},
		{
			"from": [2.9, 7.4, 2.9],
			"to": [13.1, 17.6, 13.1],
			"faces": {
				"north": {"uv": [1.25, 1.25, 2.5, 2.5], "texture": "#0"},
				"east": {"uv": [0, 1.25, 1.25, 2.5], "texture": "#0"},
				"south": {"uv": [3.75, 1.25, 5, 2.5], "texture": "#0"},
				"west": {"uv": [2.5, 1.25, 3.75, 2.5], "texture": "#0"},
				"up": {"uv": [2.5, 1.25, 1.25, 0], "texture": "#0"},
				"down": {"uv": [3.75, 0, 2.5, 1.25], "texture": "#0"}
			}
		},
		{
			"from": [4, 8.5, 1],
			"to": [8, 12.5, 5],
			"faces": {
				"north": {"uv": [6.375, 6.375, 6.875, 6.875], "texture": "#0"},
				"east": {"uv": [5.875, 6.375, 6.375, 6.875], "texture": "#0"},
				"south": {"uv": [7.375, 6.375, 7.875, 6.875], "texture": "#0"},
				"west": {"uv": [6.875, 6.375, 7.375, 6.875], "texture": "#0"},
				"up": {"uv": [6.875, 6.375, 6.375, 5.875], "texture": "#0"},
				"down": {"uv": [7.375, 5.875, 6.875, 6.375], "texture": "#0"}
			}
		},
		{
			"from": [2, 11.5, 5],
			"to": [6, 15.5, 9],
			"faces": {
				"north": {"uv": [4.25, 6.375, 4.75, 6.875], "texture": "#0"},
				"east": {"uv": [3.75, 6.375, 4.25, 6.875], "texture": "#0"},
				"south": {"uv": [5.25, 6.375, 5.75, 6.875], "texture": "#0"},
				"west": {"uv": [4.75, 6.375, 5.25, 6.875], "texture": "#0"},
				"up": {"uv": [4.75, 6.375, 4.25, 5.875], "texture": "#0"},
				"down": {"uv": [5.25, 5.875, 4.75, 6.375], "texture": "#0"}
			}
		},
		{
			"from": [2.5, 15, 7],
			"to": [5.5, 18, 10],
			"faces": {
				"north": {"uv": [2, 7.875, 2.375, 8.25], "texture": "#0"},
				"east": {"uv": [1.625, 7.875, 2, 8.25], "texture": "#0"},
				"south": {"uv": [2.75, 7.875, 3.125, 8.25], "texture": "#0"},
				"west": {"uv": [2.375, 7.875, 2.75, 8.25], "texture": "#0"},
				"up": {"uv": [2.375, 7.875, 2, 7.5], "texture": "#0"},
				"down": {"uv": [2.75, 7.5, 2.375, 7.875], "texture": "#0"}
			}
		},
		{
			"from": [7.5, 11, 2],
			"to": [10.5, 14, 5],
			"faces": {
				"north": {"uv": [7.875, 1.75, 8.25, 2.125], "texture": "#0"},
				"east": {"uv": [7.5, 1.75, 7.875, 2.125], "texture": "#0"},
				"south": {"uv": [8.625, 1.75, 9, 2.125], "texture": "#0"},
				"west": {"uv": [8.25, 1.75, 8.625, 2.125], "texture": "#0"},
				"up": {"uv": [8.25, 1.75, 7.875, 1.375], "texture": "#0"},
				"down": {"uv": [8.625, 1.375, 8.25, 1.75], "texture": "#0"}
			}
		},
		{
			"from": [11.5, 13, 5],
			"to": [14.5, 16, 8],
			"faces": {
				"north": {"uv": [7.625, 0.875, 8, 1.25], "texture": "#0"},
				"east": {"uv": [7.25, 0.875, 7.625, 1.25], "texture": "#0"},
				"south": {"uv": [8.375, 0.875, 8.75, 1.25], "texture": "#0"},
				"west": {"uv": [8, 0.875, 8.375, 1.25], "texture": "#0"},
				"up": {"uv": [8, 0.875, 7.625, 0.5], "texture": "#0"},
				"down": {"uv": [8.375, 0.5, 8, 0.875], "texture": "#0"}
			}
		},
		{
			"from": [10.75, 11, 9],
			"to": [13.75, 14, 12],
			"faces": {
				"north": {"uv": [0.375, 7.625, 0.75, 8], "texture": "#0"},
				"east": {"uv": [0, 7.625, 0.375, 8], "texture": "#0"},
				"south": {"uv": [1.125, 7.625, 1.5, 8], "texture": "#0"},
				"west": {"uv": [0.75, 7.625, 1.125, 8], "texture": "#0"},
				"up": {"uv": [0.75, 7.625, 0.375, 7.25], "texture": "#0"},
				"down": {"uv": [1.125, 7.25, 0.75, 7.625], "texture": "#0"}
			}
		},
		{
			"from": [1.5, 10, 8],
			"to": [4.5, 13, 11],
			"faces": {
				"north": {"uv": [6.5, 7.375, 6.875, 7.75], "texture": "#0"},
				"east": {"uv": [6.125, 7.375, 6.5, 7.75], "texture": "#0"},
				"south": {"uv": [7.25, 7.375, 7.625, 7.75], "texture": "#0"},
				"west": {"uv": [6.875, 7.375, 7.25, 7.75], "texture": "#0"},
				"up": {"uv": [6.875, 7.375, 6.5, 7], "texture": "#0"},
				"down": {"uv": [7.25, 7, 6.875, 7.375], "texture": "#0"}
			}
		},
		{
			"from": [10, 14.75, 7],
			"to": [14, 18.75, 11],
			"rotation": {"angle": 0, "axis": "y", "origin": [16, 0, 0]},
			"faces": {
				"north": {"uv": [2.625, 5.75, 3.125, 6.25], "texture": "#0"},
				"east": {"uv": [2.125, 5.75, 2.625, 6.25], "texture": "#0"},
				"south": {"uv": [3.625, 5.75, 4.125, 6.25], "texture": "#0"},
				"west": {"uv": [3.125, 5.75, 3.625, 6.25], "texture": "#0"},
				"up": {"uv": [3.125, 5.75, 2.625, 5.25], "texture": "#0"},
				"down": {"uv": [3.625, 5.25, 3.125, 5.75], "texture": "#0"}
			}
		},
		{
			"from": [5.5, 7, 11.25],
			"to": [8.5, 10, 14.25],
			"faces": {
				"north": {"uv": [6.375, 0.375, 6.75, 0.75], "texture": "#0"},
				"east": {"uv": [6, 0.375, 6.375, 0.75], "texture": "#0"},
				"south": {"uv": [7.125, 0.375, 7.5, 0.75], "texture": "#0"},
				"west": {"uv": [6.75, 0.375, 7.125, 0.75], "texture": "#0"},
				"up": {"uv": [6.75, 0.375, 6.375, 0], "texture": "#0"},
				"down": {"uv": [7.125, 0, 6.75, 0.375], "texture": "#0"}
			}
		},
		{
			"from": [10.55, 10.8, 8.8],
			"to": [13.95, 14.2, 12.2],
			"faces": {
				"north": {"uv": [4.875, 7.375, 5.25, 7.75], "texture": "#0"},
				"east": {"uv": [4.5, 7.375, 4.875, 7.75], "texture": "#0"},
				"south": {"uv": [5.625, 7.375, 6, 7.75], "texture": "#0"},
				"west": {"uv": [5.25, 7.375, 5.625, 7.75], "texture": "#0"},
				"up": {"uv": [5.25, 7.375, 4.875, 7], "texture": "#0"},
				"down": {"uv": [5.625, 7, 5.25, 7.375], "texture": "#0"}
			}
		},
		{
			"from": [11.3, 12.8, 4.8],
			"to": [14.7, 16.2, 8.2],
			"faces": {
				"north": {"uv": [3.25, 7.375, 3.625, 7.75], "texture": "#0"},
				"east": {"uv": [2.875, 7.375, 3.25, 7.75], "texture": "#0"},
				"south": {"uv": [4, 7.375, 4.375, 7.75], "texture": "#0"},
				"west": {"uv": [3.625, 7.375, 4, 7.75], "texture": "#0"},
				"up": {"uv": [3.625, 7.375, 3.25, 7], "texture": "#0"},
				"down": {"uv": [4, 7, 3.625, 7.375], "texture": "#0"}
			}
		},
		{
			"from": [2.3, 14.8, 6.8],
			"to": [5.7, 18.2, 10.2],
			"faces": {
				"north": {"uv": [6.75, 4.75, 7.125, 5.125], "texture": "#0"},
				"east": {"uv": [6.375, 4.75, 6.75, 5.125], "texture": "#0"},
				"south": {"uv": [7.5, 4.75, 7.875, 5.125], "texture": "#0"},
				"west": {"uv": [7.125, 4.75, 7.5, 5.125], "texture": "#0"},
				"up": {"uv": [7.125, 4.75, 6.75, 4.375], "texture": "#0"},
				"down": {"uv": [7.5, 4.375, 7.125, 4.75], "texture": "#0"}
			}
		},
		{
			"from": [1.8, 11.3, 4.8],
			"to": [6.2, 15.7, 9.2],
			"faces": {
				"north": {"uv": [0.5, 5.75, 1, 6.25], "texture": "#0"},
				"east": {"uv": [0, 5.75, 0.5, 6.25], "texture": "#0"},
				"south": {"uv": [1.5, 5.75, 2, 6.25], "texture": "#0"},
				"west": {"uv": [1, 5.75, 1.5, 6.25], "texture": "#0"},
				"up": {"uv": [1, 5.75, 0.5, 5.25], "texture": "#0"},
				"down": {"uv": [1.5, 5.25, 1, 5.75], "texture": "#0"}
			}
		},
		{
			"from": [1.3, 9.8, 7.8],
			"to": [4.7, 13.2, 11.2],
			"faces": {
				"north": {"uv": [2, 6.75, 2.375, 7.125], "texture": "#0"},
				"east": {"uv": [1.625, 6.75, 2, 7.125], "texture": "#0"},
				"south": {"uv": [2.75, 6.75, 3.125, 7.125], "texture": "#0"},
				"west": {"uv": [2.375, 6.75, 2.75, 7.125], "texture": "#0"},
				"up": {"uv": [2.375, 6.75, 2, 6.375], "texture": "#0"},
				"down": {"uv": [2.75, 6.375, 2.375, 6.75], "texture": "#0"}
			}
		},
		{
			"from": [5.3, 6.8, 11.05],
			"to": [8.7, 10.2, 14.45],
			"faces": {
				"north": {"uv": [0.375, 6.75, 0.75, 7.125], "texture": "#0"},
				"east": {"uv": [0, 6.75, 0.375, 7.125], "texture": "#0"},
				"south": {"uv": [1.125, 6.75, 1.5, 7.125], "texture": "#0"},
				"west": {"uv": [0.75, 6.75, 1.125, 7.125], "texture": "#0"},
				"up": {"uv": [0.75, 6.75, 0.375, 6.375], "texture": "#0"},
				"down": {"uv": [1.125, 6.375, 0.75, 6.75], "texture": "#0"}
			}
		},
		{
			"from": [9.8, 14.55, 6.8],
			"to": [14.2, 18.95, 11.2],
			"rotation": {"angle": 0, "axis": "y", "origin": [16, 0, 0]},
			"faces": {
				"north": {"uv": [5.125, 5.25, 5.625, 5.75], "texture": "#0"},
				"east": {"uv": [4.625, 5.25, 5.125, 5.75], "texture": "#0"},
				"south": {"uv": [6.125, 5.25, 6.625, 5.75], "texture": "#0"},
				"west": {"uv": [5.625, 5.25, 6.125, 5.75], "texture": "#0"},
				"up": {"uv": [5.625, 5.25, 5.125, 4.75], "texture": "#0"},
				"down": {"uv": [6.125, 4.75, 5.625, 5.25], "texture": "#0"}
			}
		},
		{
			"from": [3.8, 8.3, 0.8],
			"to": [8.2, 12.7, 5.2],
			"faces": {
				"north": {"uv": [4.375, 0.5, 4.875, 1], "texture": "#0"},
				"east": {"uv": [3.875, 0.5, 4.375, 1], "texture": "#0"},
				"south": {"uv": [5.375, 0.5, 5.875, 1], "texture": "#0"},
				"west": {"uv": [4.875, 0.5, 5.375, 1], "texture": "#0"},
				"up": {"uv": [4.875, 0.5, 4.375, 0], "texture": "#0"},
				"down": {"uv": [5.375, 0, 4.875, 0.5], "texture": "#0"}
			}
		},
		{
			"from": [7.3, 10.8, 1.8],
			"to": [10.7, 14.2, 5.2],
			"faces": {
				"north": {"uv": [5.5, 4.25, 5.875, 4.625], "texture": "#0"},
				"east": {"uv": [5.125, 4.25, 5.5, 4.625], "texture": "#0"},
				"south": {"uv": [6.25, 4.25, 6.625, 4.625], "texture": "#0"},
				"west": {"uv": [5.875, 4.25, 6.25, 4.625], "texture": "#0"},
				"up": {"uv": [5.875, 4.25, 5.5, 3.875], "texture": "#0"},
				"down": {"uv": [6.25, 3.875, 5.875, 4.25], "texture": "#0"}
			}
		}
	],
	"display": {
		"thirdperson_righthand": {
			"rotation": [0, 150, 0],
			"translation": [0, -0.75, 0],
			"scale": [0.65, 0.65, 0.65]
		},
		"thirdperson_lefthand": {
			"rotation": [0, 150, 0],
			"translation": [0, -0.75, 0],
			"scale": [0.65, 0.65, 0.65]
		},
		"firstperson_righthand": {
			"rotation": [0, 150, 0]
		},
		"firstperson_lefthand": {
			"rotation": [0, 150, 0]
		},
		"ground": {
			"translation": [0, -1.75, 0]
		},
		"gui": {
			"rotation": [0, -180, 0],
			"translation": [0, -4.25, 0]
		},
		"head": {
			"translation": [0, -6.25, 0],
			"scale": [1.6, 1.6, 1.6]
		},
		"fixed": {
			"translation": [0, -4.25, 0]
		},
		"on_shelf": {
			"rotation": [0, -180, 0]
		}
	},
	"groups": [
		{
			"name": "Helmet",
			"origin": [0, 0, 0],
			"color": 0,
			"children": [0, 1, 2, 3, 4, 5, 6, 7, 8, 9, 10, 11, 12, 13, 14, 15, 16, 17, 18, 19, 20]
		}
	]
}
