{
	"credit": "Made with Blockbench",
	"ambientocclusion": false,
	"texture_size": [128, 128],
	"textures": {
		"0": "elitemobs:items/ultimatiumscythe",
		"particle": "elitemobs:items/ultimatiumscythe"
	},
	"elements": [
		{
			"from": [7, -12, 9],
			"to": [9, 12, 11],
			"rotation": {"angle": 0, "axis": "y", "origin": [0, 1, 3]},
			"faces": {
				"north": {"uv": [1.875, 0.25, 2.125, 3.25], "texture": "#0"},
				"east": {"uv": [1.625, 0.25, 1.875, 3.25], "texture": "#0"},
				"south": {"uv": [2.375, 0.25, 2.625, 3.25], "texture": "#0"},
				"west": {"uv": [2.125, 0.25, 2.375, 3.25], "texture": "#0"},
				"up": {"uv": [2.125, 0.25, 1.875, 0], "texture": "#0"},
				"down": {"uv": [2.375, 0, 2.125, 0.25], "texture": "#0"}
			}
		},
		{
			"from": [8, -15, 7],
			"to": [8, 9.5, 13],
			"rotation": {"angle": 0, "axis": "y", "origin": [0, 1, 3]},
			"faces": {
				"north": {"uv": [0.75, 0.75, 0.75, 3.75], "texture": "#0"},
				"east": {"uv": [0, 0.75, 0.75, 3.75], "texture": "#0"},
				"south": {"uv": [1.5, 0.75, 1.5, 3.75], "texture": "#0"},
				"west": {"uv": [0.75, 0.75, 1.5, 3.75], "texture": "#0"},
				"up": {"uv": [0.75, 0.75, 0.75, 0], "texture": "#0"},
				"down": {"uv": [0.75, 0, 0.75, 0.75], "texture": "#0"}
			}
		},
		{
			"from": [6.5, -13, 8.5],
			"to": [9.5, -2, 11.5],
			"rotation": {"angle": 0, "axis": "y", "origin": [0, 1, 3]},
			"faces": {
				"north": {"uv": [4.5, 0.375, 4.875, 1.75], "texture": "#0"},
				"east": {"uv": [4.125, 0.375, 4.5, 1.75], "texture": "#0"},
				"south": {"uv": [5.25, 0.375, 5.625, 1.75], "texture": "#0"},
				"west": {"uv": [4.875, 0.375, 5.25, 1.75], "texture": "#0"},
				"up": {"uv": [4.875, 0.375, 4.5, 0], "texture": "#0"},
				"down": {"uv": [5.25, 0, 4.875, 0.375], "texture": "#0"}
			}
		},
		{
			"from": [6.75, -1.25, 8.75],
			"to": [9.25, 10.25, 11.25],
			"rotation": {"angle": 0, "axis": "y", "origin": [0, 1, 3]},
			"faces": {
				"north": {"uv": [3, 0.25, 3.25, 1.625], "texture": "#0"},
				"east": {"uv": [2.75, 0.25, 3, 1.625], "texture": "#0"},
				"south": {"uv": [3.5, 0.25, 3.75, 1.625], "texture": "#0"},
				"west": {"uv": [3.25, 0.25, 3.5, 1.625], "texture": "#0"},
				"up": {"uv": [3.25, 0.25, 3, 0], "texture": "#0"},
				"down": {"uv": [3.5, 0, 3.25, 0.25], "texture": "#0"}
			}
		},
		{
			"from": [6.75, 11.75, 10.75],
			"to": [9.25, 18.25, 14.25],
			"rotation": {"angle": 22.5, "axis": "x", "origin": [8, 17.5, 10]},
			"faces": {
				"north": {"uv": [4.5, 2.75, 4.75, 3.5], "texture": "#0"},
				"east": {"uv": [4.125, 2.75, 4.5, 3.5], "texture": "#0"},
				"south": {"uv": [5.125, 2.75, 5.375, 3.5], "texture": "#0"},
				"west": {"uv": [4.75, 2.75, 5.125, 3.5], "texture": "#0"},
				"up": {"uv": [4.75, 2.75, 4.5, 2.375], "texture": "#0"},
				"down": {"uv": [5, 2.375, 4.75, 2.75], "texture": "#0"}
			}
		},
		{
			"from": [6.25, 13.25, 7.75],
			"to": [9.75, 16.75, 11.25],
			"rotation": {"angle": 0, "axis": "y", "origin": [8, 17.5, 10]},
			"faces": {
				"north": {"uv": [2.75, 3.375, 3.125, 3.75], "texture": "#0"},
				"east": {"uv": [2.375, 3.375, 2.75, 3.75], "texture": "#0"},
				"south": {"uv": [3.5, 3.375, 3.875, 3.75], "texture": "#0"},
				"west": {"uv": [3.125, 3.375, 3.5, 3.75], "texture": "#0"},
				"up": {"uv": [3.125, 3.375, 2.75, 3], "texture": "#0"},
				"down": {"uv": [3.5, 3, 3.125, 3.375], "texture": "#0"}
			}
		},
		{
			"from": [7, 15.5, 3],
			"to": [9, 18.5, 13],
			"rotation": {"angle": 0, "axis": "y", "origin": [8, 17.5, 10]},
			"faces": {
				"north": {"uv": [1.25, 6.75, 1.5, 7.125], "texture": "#0"},
				"east": {"uv": [0, 6.75, 1.25, 7.125], "texture": "#0"},
				"south": {"uv": [2.75, 6.75, 3, 7.125], "texture": "#0"},
				"west": {"uv": [1.5, 6.75, 2.75, 7.125], "texture": "#0"},
				"up": {"uv": [1.5, 6.75, 1.25, 5.5], "texture": "#0"},
				"down": {"uv": [1.75, 5.5, 1.5, 6.75], "texture": "#0"}
			}
		},
		{
			"from": [7.25, 14.25, -0.25],
			"to": [8.75, 17.75, 15.25],
			"rotation": {"angle": 0, "axis": "y", "origin": [8, 17.5, 10]},
			"faces": {
				"north": {"uv": [6, 1.875, 6.125, 2.25], "texture": "#0"},
				"east": {"uv": [4.125, 1.875, 6, 2.25], "texture": "#0"},
				"south": {"uv": [8, 1.875, 8.125, 2.25], "texture": "#0"},
				"west": {"uv": [6.125, 1.875, 8, 2.25], "texture": "#0"},
				"up": {"uv": [6.125, 1.875, 6, 0], "texture": "#0"},
				"down": {"uv": [6.25, 0, 6.125, 1.875], "texture": "#0"}
			}
		},
		{
			"from": [8, 7.5, -14],
			"to": [8, 22.5, 22],
			"rotation": {"angle": 0, "axis": "y", "origin": [8, 17.5, 10]},
			"faces": {
				"north": {"uv": [10.375, 2.875, 10.375, 4.75], "texture": "#0"},
				"east": {"uv": [5.875, 2.875, 10.375, 4.75], "texture": "#0"},
				"south": {"uv": [14.875, 2.875, 14.875, 4.75], "texture": "#0"},
				"west": {"uv": [10.375, 2.875, 14.875, 4.75], "texture": "#0"},
				"up": {"uv": [10.375, 2.875, 10.375, -1.625], "texture": "#0"},
				"down": {"uv": [10.375, -1.625, 10.375, 2.875], "texture": "#0"}
			}
		}
	],
	"display": {
		"thirdperson_righthand": {
			"translation": [0, 2.5, -1],
			"scale": [0.85, 0.85, 0.85]
		},
		"thirdperson_lefthand": {
			"translation": [0, 2.5, -1],
			"scale": [0.85, 0.85, 0.85]
		},
		"firstperson_righthand": {
			"translation": [1, 5.25, -0.75]
		},
		"firstperson_lefthand": {
			"translation": [1, 5.25, -0.75]
		},
		"ground": {
			"translation": [0, 10.25, 0],
			"scale": [0.55, 0.55, 0.55]
		},
		"gui": {
			"rotation": [-90, -60, -90],
			"translation": [-1.75, 0.75, 0],
			"scale": [0.43, 0.43, 0.43]
		},
		"fixed": {
			"rotation": [-90, -60, -90],
			"translation": [-1.75, 0.5, 0],
			"scale": [0.5, 0.5, 0.5]
		},
		"on_shelf": {
			"rotation": [0, 90, 0],
			"translation": [2.75, 0, 0],
			"scale": [0.5, 0.5, 0.5]
		}
	},
	"groups": [
		{
			"name": "Scythe",
			"origin": [8, 16.5, 7],
			"color": 0,
			"children": [0, 1, 2, 3, 4, 5, 6, 7, 8]
		}
	]
}
